T_REL,T_ABS,RADAR_POS_X,RADAR_POS_Y,RADAR_POS_Z,TARGET_POS_X,TARGET_POS_Y,TARGET_POS_Z,CMD_SPEED_X,CMD_SPEED_Y,CMD_SPEED_Z,ERROR_X,ERROR_Y,ERROR_Z,qx,qy,qz,qw,rt_tar_vel_x,rt_tar_vel_y
0,0,0,0,0,0,0,0,0,0,0,0,0,0,0.0003,-0.001,0,1,0,0
137.781,137.781,0,0,0,0,0,80,0,0,20,0,0,80,0.0003,-0.001,0,1,0,0
137.881,137.881,0,0,0,0,0,80,0,0,20,0,0,80,0.0003,-0.0011,0,1,0,0
137.981,137.981,0,0,0,0,0,80,0,0,20,0,0,80,0.0002,-0.0008,-0.0001,1,0,0
138.081,138.081,0,0,0,0,0,80,0,0,20,0,0,80,0.0002,-0.0009,0,1,0,0
138.181,138.181,0,0,0,0,0,80,0,0,20,0,0,80,0.0003,-0.001,0,1,0,0
138.281,138.281,0,0,0,0,0,80,0,0,20,0,0,80,0.0002,-0.0008,0,1,0,0
138.381,138.381,0,0,0,0,0,80,0,0,20,0,0,80,0.0004,-0.0008,0,1,0,0
138.481,138.481,0,0,0,0,0,80,0,0,20,0,0,80,0.0001,-0.0011,0.0001,1,0,0
138.581,138.581,0,0,0,0,0,80,0,0,20,0,0,80,0.0003,-0.0009,0.0004,1,0,0
138.681,138.681,0,0,0,0,0,80,0,0,20,0,0,80,0.0019,0.001,-0.0002,1,0,0
138.781,138.781,1,0,1,0,0,80,0,0,20,-1,0,79,0.0029,0.0033,0.0002,1,0,0
138.881,138.881,1,0,2,0,0,80,0,0,20,-1,0,78,0.0021,0.003,0.0001,1,0,0
138.981,138.981,1,0,3,0,0,80,0,0,20,-1,0,77,0.001,0.0001,-0.0003,1,0,0
139.081,139.081,1,1,4,0,0,80,0,0,20,-1,-1,76,-0.0007,-0.0024,-0.001,1,0,0
139.181,139.181,1,1,5,0,0,80,0,0,20,-1,-1,75,-0.0018,-0.0045,-0.0015,1,0,0
139.281,139.281,1,0,7,0,0,80,0,0,20,-1,0,73,-0.0016,-0.0057,-0.0024,1,0,0
139.381,139.381,2,1,9,0,0,80,0,0,20,-2,-1,71,-0.001,-0.0056,-0.0025,1,0,0
139.481,139.481,2,1,11,0,0,80,0,0,20,-2,-1,69,0.0008,-0.0048,-0.0024,1,0,0
139.581,139.581,2,1,12,0,0,80,0,0,20,-2,-1,68,0.0032,-0.0025,-0.0022,1,0,0
139.681,139.681,2,1,14,0,0,80,0,0,20,-2,-1,66,0.0054,-0.0012,-0.0017,1,0,0
139.781,139.781,2,2,15,0,0,80,0,0,20,-2,-2,65,0.0057,-0.0009,-0.0013,1,0,0
139.881,139.881,2,2,17,0,0,80,0,0,20,-2,-2,63,0.0053,-0.002,-0.0008,1,0,0
139.981,139.981,2,3,19,0,0,80,0,0,20,-2,-3,61,0.0048,-0.0028,-0.0001,1,0,0
140.081,140.081,2,3,21,0,0,80,0,0,20,-2,-3,59,0.005,-0.0036,0.0005,1,0,0
140.181,140.181,2,3,23,0,0,80,0,0,20,-2,-3,57,0.0056,-0.0041,0.0014,1,0,0
140.281,140.281,3,4,24,0,0,80,0,0,20,-3,-4,56,0.0055,-0.0039,0.0018,1,0,0
140.381,140.381,3,4,26,0,0,80,0,0,20,-3,-4,54,0.0051,-0.0034,0.002,1,0,0
140.481,140.481,3,4,28,0,0,80,0,0,20,-3,-4,52,0.0052,-0.003,0.0019,1,0,0
140.581,140.581,3,5,30,0,0,80,0,0,20,-3,-5,50,0.0056,-0.0029,0.0019,1,0,0
140.681,140.681,3,5,33,0,0,80,0,0,20,-3,-5,47,0.0054,-0.0027,0.0014,1,0,0
140.781,140.781,3,6,35,0,0,80,0,0,20,-3,-6,45,0.0054,-0.0031,0.0004,1,0,0
140.881,140.881,4,7,37,0,0,80,0,0,19,-4,-7,43,0.0049,-0.0034,-0.0003,1,0,0
140.981,140.981,4,7,39,0,0,80,0,0,18,-4,-7,41,0.0052,-0.0037,-0.0014,1,0,0
141.081,141.081,4,7,41,0,0,80,0,0,17,-4,-7,39,0.0047,-0.0039,-0.0022,1,0,0
141.181,141.181,4,8,44,0,0,80,0,0,16,-4,-8,36,0.0049,-0.0034,-0.0032,1,0,0
141.281,141.281,4,8,46,0,0,80,0,-1,15,-4,-8,34,0.0051,-0.0036,-0.0035,1,0,0
141.381,141.381,4,9,48,0,0,80,0,-1,14,-4,-9,32,0.0052,-0.0035,-0.0034,1,0,0
141.481,141.481,5,10,51,0,0,80,0,-1,13,-5,-10,29,0.0047,-0.0037,-0.0028,1,0,0
141.591,141.591,5,10,53,0,0,80,0,-1,12,-5,-10,27,0.0043,-0.0035,-0.0023,1,0,0
141.691,141.691,5,10,55,0,0,80,0,-1,11,-5,-10,25,0.004,-0.0032,-0.0014,1,0,0
141.791,141.791,6,11,56,0,0,80,0,-1,11,-6,-11,24,0.0028,-0.0034,-0.0004,1,0,0
141.891,141.891,6,11,58,0,0,80,0,-1,10,-6,-11,22,0.0018,-0.0035,0.0009,1,0,0
141.991,141.991,6,12,59,0,0,80,0,-1,9,-6,-12,21,0.0013,-0.0035,0.0017,1,0,0
142.091,142.091,6,12,61,0,0,80,0,-1,8,-6,-12,19,0.0014,-0.0032,0.0029,1,0,0
142.191,142.191,6,13,62,0,0,80,0,-1,8,-6,-13,18,0.001,-0.003,0.0036,1,0,0
142.291,142.291,7,13,63,0,0,80,0,-1,7,-7,-13,17,0.0017,-0.003,0.0043,1,0,0
142.391,142.391,7,14,64,0,0,80,0,-1,7,-7,-14,16,0.002,-0.0033,0.0039,1,0,0
142.491,142.491,7,14,65,0,0,80,0,-1,7,-7,-14,15,0.0021,-0.0039,0.0039,1,0,0
142.591,142.591,8,14,66,0,0,80,0,-1,6,-8,-14,14,0.002,-0.004,0.0034,1,0,0
142.691,142.691,8,15,67,0,0,80,-1,-1,6,-8,-15,13,0.0017,-0.0039,0.0025,1,-1,0
142.791,142.791,8,15,68,0,0,80,-1,-1,5,-8,-15,12,0.0016,-0.0033,0.0021,1,-1,0
142.891,142.891,9,16,69,0,0,80,-1,-1,5,-9,-16,11,0.0014,-0.0032,0.0007,1,-1,0
142.991,142.991,9,16,70,0,0,80,-1,-1,4,-9,-16,10,0.0018,-0.0034,0.0001,1,-1,0
143.091,143.091,10,16,71,0,0,80,-1,-1,4,-10,-16,9,0.0026,-0.0035,-0.0013,1,0,-1
143.191,143.191,10,17,71,0,0,80,-1,-1,3,-10,-17,9,0.0025,-0.0033,-0.0029,1,0,-1
143.291,143.291,11,17,72,0,0,80,-1,-1,3,-11,-17,8,0.0021,-0.0034,-0.0052,1,0,-1
143.391,143.391,11,17,73,0,0,80,-1,-1,2,-11,-17,7,0.0026,-0.0036,-0.0072,1,0,-1
143.491,143.491,12,18,74,0,0,80,-1,-1,2,-12,-18,6,0.0024,-0.0053,-0.0089,0.9999,0,-1
143.591,143.591,12,19,75,0,0,80,-1,-2,1,-12,-19,5,0.003,-0.0071,-0.01,0.9999,0,-2
143.691,143.691,13,19,75,0,0,80,-1,-2,1,-13,-19,5,0.0042,-0.0072,-0.0101,0.9999,0,-2
143.791,143.791,13,20,75,0,0,80,-1,-2,1,-13,-20,5,0.0058,-0.0058,-0.0095,0.9999,0,-2
143.891,143.891,14,20,76,0,0,80,-1,-2,1,-14,-20,4,0.0074,-0.0046,-0.0088,0.9999,0,-2
143.991,143.991,14,20,76,0,0,80,-1,-2,1,-14,-20,4,0.0071,-0.0045,-0.0173,0.9998,0,-2
144.091,144.091,15,21,77,0,0,80,-1,-2,0,-15,-21,3,0.0062,-0.0038,-0.0323,0.9995,0,-2
144.191,144.191,15,21,77,0,0,80,-1,-2,0,-15,-21,3,0.0057,-0.0025,-0.0513,0.9987,0,-2
144.291,144.291,15,21,77,0,0,80,-1,-2,0,-15,-21,3,0.0053,-0.0017,-0.0738,0.9973,0,-2
144.391,144.391,16,22,78,0,0,80,-1,-2,0,-16,-22,2,0.0048,-0.0011,-0.0975,0.9952,0,-2
144.491,144.491,16,22,78,0,0,80,-1,-2,0,-16,-22,2,0.0045,-0.0015,-0.1239,0.9923,0,-2
144.591,144.591,17,22,78,0,0,80,-1,-2,0,-17,-22,2,0.0048,-0.0021,-0.1502,0.9886,0,-2
144.691,144.691,17,22,79,0,0,80,-1,-2,0,-17,-22,1,0.0049,-0.0028,-0.1766,0.9843,0,-2
144.791,144.791,18,21,79,0,0,80,-1,-2,0,-18,-21,1,0.0045,-0.0038,-0.2038,0.979,0,-2
144.891,144.891,18,21,79,0,0,80,-2,-2,0,-18,-21,1,0.004,-0.0044,-0.2306,0.973,0,-2
144.991,144.991,19,21,79,0,0,80,-2,-2,0,-19,-21,1,0.0035,-0.0048,-0.2575,0.9663,0,-2
145.091,145.091,19,21,80,0,0,80,-2,-2,0,-19,-21,0,0.0033,-0.0047,-0.2836,0.9589,0,-2
145.191,145.191,20,21,80,0,0,80,-2,-2,0,-20,-21,0,0.0032,-0.0048,-0.3097,0.9508,0,-2
145.291,145.291,20,21,80,0,0,80,-2,-2,0,-20,-21,0,0.0033,-0.0043,-0.3349,0.9422,0,-2
145.391,145.391,21,21,80,0,0,80,-2,-2,0,-21,-21,0,0.0033,-0.0049,-0.3603,0.9328,0,-2
145.491,145.491,21,20,80,0,0,80,-2,-2,0,-21,-20,0,0.0037,-0.0056,-0.3853,0.9228,0,-2
145.591,145.591,21,20,80,0,0,80,-2,-2,0,-21,-20,0,0.0041,-0.0062,-0.4102,0.912,0,-2
145.691,145.691,22,20,81,0,0,80,-2,-2,0,-22,-20,-1,0.0049,-0.0059,-0.4349,0.9005,0,-2
145.791,145.791,22,20,81,0,0,80,-2,-2,0,-22,-20,-1,0.0049,-0.0058,-0.4595,0.8881,0,-2
145.891,145.891,22,19,81,0,0,80,-2,-2,0,-22,-19,-1,0.005,-0.0052,-0.4838,0.8752,0,-2
145.991,145.991,22,19,81,0,0,80,-2,-2,0,-22,-19,-1,0.0043,-0.0044,-0.5079,0.8614,0,-2
146.091,146.091,22,18,81,0,0,80,-2,-2,0,-22,-18,-1,0.0047,-0.0046,-0.5316,0.847,0,-2
146.191,146.191,22,18,81,0,0,80,-2,-1,0,-22,-18,-1,0.0046,-0.005,-0.5549,0.8319,0,-2
146.291,146.291,22,17,81,0,0,80,-2,-1,0,-22,-17,-1,0.0053,-0.0052,-0.5785,0.8156,0,-2
146.391,146.391,23,17,82,0,0,80,-2,-1,0,-23,-17,-2,0.0059,-0.0054,-0.6017,0.7987,0,-2
146.501,146.501,23,17,82,0,0,80,-2,-1,0,-23,-17,-2,0.0053,-0.0051,-0.6242,0.7812,0,-2
146.601,146.601,22,16,82,0,0,80,-2,-1,0,-22,-16,-2,0.0044,-0.0041,-0.6461,0.7632,0,-2
146.701,146.701,22,15,82,0,0,80,-2,-1,0,-22,-15,-2,0.0025,-0.0035,-0.6677,0.7444,0,-2
146.801,146.801,22,15,82,0,0,80,-2,-1,0,-22,-15,-2,0.0007,-0.003,-0.6883,0.7254,0,-2
146.901,146.901,22,14,82,0,0,80,-2,-1,0,-22,-14,-2,-0.0001,-0.0027,-0.7085,0.7058,1,-1
147.001,147.001,22,14,82,0,0,80,-2,-1,0,-22,-14,-2,0.0003,-0.0025,-0.7275,0.6861,1,-1
147.101,147.101,22,13,82,0,0,80,-2,-1,0,-22,-13,-2,0.0007,-0.0022,-0.7459,0.6661,1,-1
147.201,147.201,22,12,82,0,0,80,-2,-1,0,-22,-12,-2,0.0013,-0.0011,-0.7634,0.646,1,-1
147.301,147.301,22,12,82,0,0,80,-2,-1,0,-22,-12,-2,0.0017,0.0003,-0.7803,0.6255,1,-1
147.401,147.401,21,11,82,0,0,80,-2,-1,0,-21,-11,-2,0.0026,0.0003,-0.7962,0.605,1,-1
147.501,147.501,21,10,82,0,0,80,-2,-1,0,-21,-10,-2,0.0027,-0.001,-0.8118,0.584,1,-1
147.601,147.601,21,9,83,0,0,80,-2,-1,0,-21,-9,-3,0.0029,-0.0027,-0.8265,0.5629,1,-1
147.701,147.701,21,8,83,0,0,80,-2,-1,0,-21,-8,-3,0.0023,-0.0041,-0.8406,0.5416,1,-1
147.801,147.801,21,7,83,0,0,80,-2,0,0,-21,-7,-3,0.0015,-0.0046,-0.8539,0.5203,0,-1
147.901,147.901,21,6,83,0,0,80,-2,0,0,-21,-6,-3,0.0016,-0.0041,-0.8668,0.4987,1,-1
148.001,148.001,20,5,83,0,0,80,-2,0,0,-20,-5,-3,0.0022,-0.0035,-0.8788,0.4772,1,-1
148.101,148.101,20,4,83,0,0,80,-2,0,0,-20,-4,-3,0.0023,-0.0031,-0.8902,0.4556,1,-1
148.201,148.201,20,4,83,0,0,80,-2,0,0,-20,-4,-3,0.0027,-0.0023,-0.9009,0.4341,1,-1
148.301,148.301,20,3,83,0,0,80,-2,0,0,-20,-3,-3,0.0034,-0.0022,-0.9111,0.4122,1,-1
148.401,148.401,19,2,83,0,0,80,-2,0,0,-19,-2,-3,0.0038,-0.0025,-0.9205,0.3906,1,-1
148.501,148.501,19,0,83,0,0,80,-2,0,0,-19,0,-3,0.0027,-0.0028,-0.9295,0.3687,1,-1
148.601,148.601,18,-1,84,0,0,80,-2,0,-1,-18,1,-4,0.0022,-0.0037,-0.9377,0.3473,1,-1
148.701,148.701,18,-2,84,0,0,80,-1,0,-1,-18,2,-4,0.0012,-0.0026,-0.9454,0.3258,0,0
148.801,148.801,18,-3,84,0,0,80,-1,0,-1,-18,3,-4,0.0018,-0.0024,-0.9524,0.3049,0,0
148.901,148.901,17,-4,84,0,0,80,-1,0,-1,-17,4,-4,0.001,-0.001,-0.9588,0.284,0,0
149.001,149.001,17,-5,84,0,0,80,-1,0,-1,-17,5,-4,0,-0.0013,-0.9642,0.2652,0,0
149.101,149.101,16,-7,84,0,0,80,-1,0,-1,-16,7,-4,-0.0011,-0.0013,-0.969,0.247,0,0
149.201,149.201,16,-8,84,0,0,80,-1,1,-1,-16,8,-4,-0.001,-0.0025,-0.9729,0.2313,0,-1
149.301,149.301,16,-9,85,0,0,80,-1,1,-1,-16,9,-5,-0.0006,-0.0016,-0.9759,0.2182,0,-1
149.401,149.401,15,-11,85,0,0,80,-1,1,-1,-15,11,-5,0.0007,-0.0012,-0.9787,0.2052,0,-1
149.501,149.501,15,-12,85,0,0,80,-1,1,-1,-15,12,-5,0.0018,0.0002,-0.9808,0.1948,0,-1
149.601,149.601,14,-13,84,0,0,80,-1,1,-1,-14,13,-4,0.0032,0.0011,-0.983,0.1834,0,-1
149.701,149.701,14,-14,85,0,0,80,-1,1,-1,-14,14,-5,0.0026,0.0022,-0.9847,0.1743,0,-1
149.801,149.801,13,-15,85,0,0,80,-1,1,-1,-13,15,-5,0.0017,0.0024,-0.9863,0.165,0,-1
149.901,149.901,13,-17,85,0,0,80,-1,1,-1,-13,17,-5,0.0009,0.002,-0.9877,0.1561,0,-1
150.001,150.001,12,-18,85,0,0,80,-1,1,-1,-12,18,-5,0.0005,0.0004,-0.9889,0.1485,0,-1
150.101,150.101,12,-20,85,0,0,80,-1,2,-1,-12,20,-5,-0.0007,-0.0004,-0.9899,0.1421,0,-2
150.201,150.201,11,-21,85,0,0,80,-1,2,-1,-11,21,-5,-0.0016,-0.0018,-0.9908,0.1353,0,-2
150.301,150.301,10,-23,85,0,0,80,-1,2,-1,-10,23,-5,-0.0022,-0.0019,-0.9916,0.129,0,-2
150.401,150.401,10,-24,85,0,0,80,-1,2,-1,-10,24,-5,-0.0016,-0.0022,-0.9923,0.124,0,-2
150.501,150.501,9,-26,85,0,0,80,-1,2,-1,-9,26,-5,-0.0005,-0.0013,-0.9929,0.1188,0,-2
150.601,150.601,9,-27,85,0,0,80,-1,5,-1,-9,27,-5,-0.0004,-0.0007,-0.9935,0.1141,0,-5
150.701,150.701,8,-29,85,0,0,80,-1,5,-1,-8,29,-5,-0.0003,-0.0006,-0.9939,0.1101,0,-5
150.801,150.801,8,-30,85,0,0,80,0,5,-1,-8,30,-5,0.0001,-0.0008,-0.9943,0.1066,-1,-4
150.901,150.901,7,-32,85,0,0,80,0,6,-1,-7,32,-5,0.0005,-0.0048,-0.9946,0.1041,-1,-5
151.001,151.001,7,-33,86,0,0,80,0,6,-2,-7,33,-6,0.0004,-0.0074,-0.9948,0.1017,-1,-5
151.101,151.101,6,-35,86,0,0,80,0,6,-2,-6,35,-6,-0.0005,-0.0065,-0.9949,0.1003,-1,-5
151.211,151.211,6,-36,86,0,0,80,0,7,-2,-6,36,-6,-0.0007,-0.0051,-0.9951,0.0988,-1,-6
151.311,151.311,5,-38,86,0,0,80,0,7,-2,-5,38,-6,0.0009,-0.0038,-0.9952,0.0982,-1,-6
151.411,151.411,4,-39,86,0,0,80,0,7,-2,-4,39,-6,0.0016,-0.0034,-0.9952,0.0973,-1,-6
151.511,151.511,3,-41,86,0,0,80,0,7,-2,-3,41,-6,0.002,-0.0044,-0.9953,0.0965,-1,-6
151.611,151.611,3,-42,86,0,0,80,0,8,-2,-3,42,-6,0.0015,-0.0048,-0.9954,0.0957,-1,-7
151.711,151.711,2,-43,86,0,0,80,0,8,-2,-2,43,-6,0.0016,-0.0053,-0.9954,0.0952,-1,-7
151.811,151.811,1,-45,86,0,0,80,0,8,-2,-1,45,-6,0.0016,-0.0052,-0.9955,0.0949,-1,-7
151.911,151.911,0,-46,86,0,0,80,0,8,-2,0,46,-6,0.0009,-0.0057,-0.9955,0.0945,-1,-7
152.011,152.011,-1,-47,86,0,0,80,0,9,-2,1,47,-6,0.0013,-0.0063,-0.9954,0.0952,-1,-8
152.111,152.111,-2,-47,85,0,0,80,0,9,-1,2,47,-5,0.002,-0.0056,-0.9954,0.0953,-1,-8
152.211,152.211,-3,-48,85,0,0,80,0,9,-1,3,48,-5,0.0022,-0.005,-0.9954,0.0959,-1,-8
152.311,152.311,-4,-49,85,0,0,80,0,9,-1,4,49,-5,0.002,-0.0046,-0.9953,0.0966,-1,-8
152.411,152.411,-5,-50,85,0,0,80,0,9,-1,5,50,-5,0.0014,-0.0066,-0.9952,0.098,-1,-8
152.511,152.511,-6,-51,85,0,0,80,0,9,-1,6,51,-5,0.0019,-0.0075,-0.995,0.0995,-1,-8
152.611,152.611,-7,-51,85,0,0,80,0,10,-1,7,51,-5,0.0034,-0.0078,-0.9949,0.1002,-1,-9
152.711,152.711,-9,-52,85,0,0,80,1,10,-1,9,52,-5,0.0035,-0.0077,-0.9949,0.1009,-2,-9
152.811,152.811,-10,-53,85,0,0,80,1,10,-1,10,53,-5,0.0038,-0.0074,-0.9947,0.102,-3,-9
152.911,152.911,-11,-53,85,0,0,80,1,10,-1,11,53,-5,0.0042,-0.0085,-0.9945,0.1039,-3,-9
153.011,153.011,-12,-53,85,0,0,80,1,10,-1,12,53,-5,0.0037,-0.0095,-0.9944,0.1052,-3,-9
153.111,153.111,-13,-53,85,0,0,80,1,10,-1,13,53,-5,0.002,-0.0107,-0.9941,0.1077,-3,-9
153.211,153.211,-15,-53,85,0,0,80,1,10,-1,15,53,-5,0.0015,-0.0099,-0.994,0.1085,-3,-9
153.311,153.311,-16,-53,85,0,0,80,1,10,-1,16,53,-5,0.0019,-0.0073,-0.9939,0.1101,-3,-9
153.411,153.411,-17,-53,85,0,0,80,1,10,-1,17,53,-5,0.001,-0.0066,-0.9939,0.11,-3,-9
153.511,153.511,-19,-53,85,0,0,80,2,10,-1,19,53,-5,-0.0007,-0.0069,-0.994,0.1096,-4,-9
153.611,153.611,-20,-53,84,0,0,80,2,10,-1,20,53,-4,-0.0015,-0.0074,-0.994,0.1093,-4,-9
153.711,153.711,-22,-52,84,0,0,80,2,10,-1,22,52,-4,-0.0027,-0.0077,-0.9941,0.1078,-4,-9
153.811,153.811,-23,-51,84,0,0,80,2,10,-1,23,51,-4,-0.0051,-0.0081,-0.9943,0.1058,-4,-9
153.911,153.911,-25,-51,84,0,0,80,2,9,-1,25,51,-4,-0.0043,-0.0085,-0.9945,0.1043,-3,-8
154.011,154.011,-26,-50,84,0,0,80,2,9,-1,26,50,-4,-0.0031,-0.009,-0.9947,0.1021,-3,-8
154.111,154.111,-27,-49,84,0,0,80,5,9,-1,27,49,-4,-0.0026,-0.0109,-0.9951,0.0984,-6,-7
154.211,154.211,-28,-48,84,0,0,80,5,9,-1,28,48,-4,-0.0007,-0.0111,-0.9954,0.0947,-6,-7
154.311,154.311,-29,-47,84,0,0,80,5,9,-1,29,47,-4,0.001,-0.0099,-0.9958,0.0907,-6,-7
154.411,154.411,-30,-46,84,0,0,80,5,9,-1,30,46,-4,-0.002,-0.0084,-0.9962,0.0864,-6,-8
154.511,154.511,-31,-44,84,0,0,80,5,8,-1,31,44,-4,-0.003,-0.0091,-0.9966,0.0824,-6,-7
154.611,154.611,-32,-42,84,0,0,80,6,8,-1,32,42,-4,-0.0021,-0.0099,-0.9969,0.0777,-7,-6
154.711,154.711,-33,-41,83,0,0,80,6,8,0,33,41,-3,-0.0015,-0.0101,-0.9973,0.0728,-7,-7
154.811,154.811,-34,-39,83,0,0,80,6,7,0,34,39,-3,-0.0009,-0.0101,-0.9976,0.0685,-6,-6
154.911,154.911,-35,-37,83,0,0,80,6,7,0,35,37,-3,0.0003,-0.0074,-0.9977,0.0669,-6,-6
155.011,155.011,-35,-35,83,0,0,80,6,6,0,35,35,-3,0.0002,-0.0058,-0.9977,0.067,-6,-5
155.111,155.111,-36,-33,83,0,0,80,6,6,0,36,33,-3,-0.0001,-0.0078,-0.9976,0.069,-6,-5
155.211,155.211,-37,-31,82,0,0,80,7,6,0,37,31,-2,-0.0004,-0.0086,-0.9974,0.0714,-7,-4
155.311,155.311,-37,-29,82,0,0,80,7,5,0,37,29,-2,-0.0004,-0.0076,-0.9973,0.0735,-7,-3
155.411,155.411,-38,-27,82,0,0,80,7,5,0,38,27,-2,-0.0004,-0.0076,-0.9973,0.0735,-7,-3
155.511,155.511,-38,-24,82,0,0,80,7,2,0,38,24,-2,-0.0017,-0.0077,-0.9968,0.079,-7,0
155.611,155.611,-39,-22,82,0,0,80,7,2,0,39,22,-2,-0.0015,-0.0028,-0.9967,0.081,-7,0
155.721,155.721,-39,-20,82,0,0,80,7,2,0,39,20,-2,-0.0015,-0.0043,-0.9966,0.0818,-7,0
155.821,155.821,-39,-18,82,0,0,80,7,2,0,39,18,-2,-0.0022,-0.0049,-0.9966,0.0823,-7,0
155.921,155.921,-39,-16,82,0,0,80,7,1,0,39,16,-2,-0.0028,-0.0047,-0.9966,0.0822,-7,0
156.021,156.021,-39,-13,82,0,0,80,7,1,0,39,13,-2,-0.0036,-0.0039,-0.9967,0.0815,-7,0
156.121,156.121,-40,-11,82,0,0,80,7,1,0,40,11,-2,-0.0035,-0.0032,-0.9967,0.0816,-7,0
156.221,156.221,-40,-9,82,0,0,80,7,1,0,40,9,-2,-0.0028,-0.0036,-0.9966,0.0823,-7,0
156.321,156.321,-40,-7,82,0,0,80,7,0,0,40,7,-2,-0.0026,-0.0034,-0.9964,0.0844,-6,1
156.421,156.421,-40,-4,82,0,0,80,7,0,0,40,4,-2,-0.0044,-0.0004,-0.9962,0.0866,-6,1
156.521,156.521,-40,-2,82,0,0,80,7,0,0,40,2,-2,-0.0068,0.0011,-0.996,0.0889,-6,1
156.621,156.621,-40,0,82,0,0,80,7,0,0,40,0,-2,-0.0089,0.0021,-0.9959,0.0897,-6,1
156.721,156.721,-40,3,82,0,0,80,7,0,0,40,-3,-2,-0.0099,0.0037,-0.9959,0.0902,-6,1
156.821,156.821,-40,5,82,0,0,80,7,0,0,40,-5,-2,-0.0102,0.0045,-0.9959,0.0894,-6,1
156.921,156.921,-40,7,82,0,0,80,7,0,0,40,-7,-2,-0.0084,0.0016,-0.9961,0.0881,-6,1
157.021,157.021,-40,9,82,0,0,80,7,-1,0,40,-9,-2,-0.0073,-0.0014,-0.9963,0.0862,-6,2
157.121,157.121,-39,11,82,0,0,80,7,-1,0,39,-11,-2,-0.0068,-0.0041,-0.9964,0.0841,-6,2
157.221,157.221,-39,13,82,0,0,80,7,-1,0,39,-13,-2,-0.0062,-0.005,-0.9966,0.0821,-6,2
157.321,157.321,-38,15,82,0,0,80,7,-1,0,38,-15,-2,-0.0071,-0.0025,-0.9967,0.0809,-6,2
157.421,157.421,-38,17,82,0,0,80,7,-1,0,38,-17,-2,-0.0084,0.0001,-0.9968,0.0798,-6,2
157.521,157.521,-37,19,81,0,0,80,7,-2,0,37,-19,-1,-0.009,0.0013,-0.9968,0.079,-6,3
157.621,157.621,-37,21,82,0,0,80,7,-2,0,37,-21,-2,-0.0083,0.0008,-0.9969,0.0783,-6,3
157.721,157.721,-36,23,82,0,0,80,7,-2,0,36,-23,-2,-0.0073,-0.0005,-0.997,0.0774,-6,3
157.821,157.821,-35,24,82,0,0,80,6,-2,0,35,-24,-2,-0.0056,-0.0014,-0.9971,0.0763,-5,2
157.921,157.921,-34,26,81,0,0,80,6,-2,0,34,-26,-1,-0.0055,-0.0024,-0.9972,0.0751,-5,2
158.021,158.021,-33,28,81,0,0,80,6,-5,0,33,-28,-1,-0.0065,-0.001,-0.9972,0.0741,-5,5
158.121,158.121,-32,30,81,0,0,80,6,-5,0,32,-30,-1,-0.0067,-0.0002,-0.9972,0.074,-5,5
158.221,158.221,-31,31,82,0,0,80,6,-5,0,31,-31,-2,-0.0071,0.0002,-0.9972,0.0748,-5,5
158.321,158.321,-30,33,82,0,0,80,5,-6,0,30,-33,-2,-0.0076,0.0038,-0.9971,0.0762,-4,6
158.421,158.421,-29,34,82,0,0,80,5,-6,0,29,-34,-2,-0.0075,0.0057,-0.9969,0.078,-4,6
158.521,158.521,-28,35,82,0,0,80,5,-6,0,28,-35,-2,-0.0076,0.004,-0.9969,0.0787,-3,6
158.621,158.621,-27,37,82,0,0,80,5,-7,0,27,-37,-2,-0.0074,0.003,-0.9968,0.0795,-3,7
158.721,158.721,-25,38,82,0,0,80,2,-7,0,25,-38,-2,-0.0074,0.0022,-0.9968,0.0801,0,7
158.821,158.821,-24,39,82,0,0,80,2,-7,0,24,-39,-2,-0.0065,0.0016,-0.9968,0.0793,0,7
158.921,158.921,-22,39,82,0,0,80,2,-7,0,22,-39,-2,-0.0059,0.0004,-0.9969,0.0781,0,7
159.021,159.021,-21,40,82,0,0,80,2,-7,0,21,-40,-2,-0.0038,0.0011,-0.997,0.0768,0,7
159.121,159.121,-20,40,82,0,0,80,2,-7,0,20,-40,-2,-0.0019,0.0017,-0.9972,0.075,0,7
159.221,159.221,-18,41,82,0,0,80,2,-7,0,18,-41,-2,-0.0025,0.0011,-0.9973,0.0734,0,7
159.321,159.321,-17,42,82,0,0,80,1,-8,0,17,-42,-2,-0.0039,0.0006,-0.9974,0.0714,0,8
159.421,159.421,-16,42,82,0,0,80,1,-8,0,16,-42,-2,-0.0054,0.0006,-0.9975,0.07,0,8
159.521,159.521,-15,42,82,0,0,80,1,-8,0,15,-42,-2,-0.0073,0.0019,-0.9977,0.068,0,8
159.621,159.621,-14,43,82,0,0,80,1,-8,0,14,-43,-2,-0.0084,0.0044,-0.9978,0.0658,0,8
159.721,159.721,-12,43,82,0,0,80,1,-8,0,12,-43,-2,-0.0082,0.0073,-0.9979,0.0639,0,8
159.821,159.821,-11,43,82,0,0,80,1,-8,0,11,-43,-2,-0.0073,0.0079,-0.998,0.0617,0,8
159.921,159.921,-9,43,82,0,0,80,1,-8,0,9,-43,-2,-0.0065,0.0078,-0.9982,0.0598,0,8
160.021,160.021,-8,43,82,0,0,80,1,-8,0,8,-43,-2,-0.0062,0.0053,-0.9983,0.0579,0,8
160.121,160.121,-7,43,82,0,0,80,0,-8,0,7,-43,-2,-0.0048,0.0015,-0.9984,0.0559,0,7
160.221,160.221,-6,43,83,0,0,80,0,-8,0,6,-43,-3,-0.0039,-0.0016,-0.9985,0.0541,0,7
160.321,160.321,-4,42,83,0,0,80,0,-8,0,4,-42,-3,-0.0041,-0.0023,-0.9986,0.0529,0,7
160.431,160.431,-4,42,83,0,0,80,0,-8,0,4,-42,-3,-0.0041,-0.0023,-0.9986,0.0529,0,7
160.531,160.531,-1,42,82,0,0,80,0,-8,0,1,-42,-2,-0.003,-0.0004,-0.9987,0.0514,0,7
160.631,160.631,0,41,82,0,0,80,0,-8,0,0,-41,-2,-0.0027,0.0026,-0.9987,0.0514,0,7
160.731,160.731,1,40,83,0,0,80,0,-7,0,-1,-40,-3,-0.0029,0.0034,-0.9987,0.0514,0,6
160.831,160.831,2,40,83,0,0,80,0,-7,0,-2,-40,-3,-0.0041,0.0047,-0.9986,0.052,0,6
160.931,160.931,4,39,83,0,0,80,0,-7,0,-4,-39,-3,-0.0042,0.0055,-0.9986,0.0523,0,6
161.031,161.031,5,38,83,0,0,80,0,-7,0,-5,-38,-3,-0.0045,0.0043,-0.9986,0.0533,0,6
161.131,161.131,6,37,83,0,0,80,0,-7,0,-6,-37,-3,-0.0049,0.0029,-0.9984,0.0555,0,6
161.231,161.231,7,36,83,0,0,80,0,-7,0,-7,-36,-3,-0.0049,0.0026,-0.9984,0.0564,0,6
161.331,161.331,8,35,83,0,0,80,0,-6,0,-8,-35,-3,-0.0049,0.0014,-0.9984,0.0567,0,5
161.431,161.431,9,33,83,0,0,80,-1,-6,0,-9,-33,-3,-0.0051,0.0019,-0.9984,0.0571,1,5
161.531,161.531,10,32,83,0,0,80,-1,-6,0,-10,-32,-3,-0.0054,0.0038,-0.9983,0.0571,1,5
161.631,161.631,11,31,83,0,0,80,-1,-6,0,-11,-31,-3,-0.0052,0.0034,-0.9984,0.0555,1,5
161.731,161.731,12,29,83,0,0,80,-1,-5,0,-12,-29,-3,-0.0037,0.0023,-0.9985,0.0547,1,4
161.831,161.831,14,28,83,0,0,80,-1,-5,0,-14,-28,-3,-0.002,0.0017,-0.9985,0.0539,1,4
161.931,161.931,15,26,83,0,0,80,-1,-2,0,-15,-26,-3,-0.0016,0.0018,-0.9986,0.0522,1,1
162.031,162.031,16,25,83,0,0,80,-1,-2,0,-16,-25,-3,-0.002,0.0006,-0.9987,0.0517,1,1
162.131,162.131,17,23,83,0,0,80,-1,-2,0,-17,-23,-3,-0.0025,0.0003,-0.9987,0.0509,1,1
162.231,162.231,18,21,83,0,0,80,-1,-2,0,-18,-21,-3,-0.0027,-0.0007,-0.9987,0.0511,1,1
162.331,162.331,19,19,83,0,0,80,-2,-2,0,-19,-19,-3,-0.0035,-0.001,-0.9987,0.0508,2,1
162.431,162.431,20,17,83,0,0,80,-2,-1,0,-20,-17,-3,-0.0029,-0.0004,-0.9987,0.0512,2,0
162.531,162.531,21,16,82,0,0,80,-2,-1,0,-21,-16,-2,-0.0023,0.001,-0.9987,0.0517,2,0
162.631,162.631,22,14,82,0,0,80,-2,-1,0,-22,-14,-2,-0.0015,0.0023,-0.9987,0.0511,2,0
162.731,162.731,23,12,82,0,0,80,-2,-1,0,-23,-12,-2,-0.0016,0.0022,-0.9987,0.0515,2,0
162.831,162.831,24,10,82,0,0,80,-2,-1,0,-24,-10,-2,-0.0022,0.0017,-0.9987,0.051,2,0
162.931,162.931,26,7,82,0,0,80,-2,0,0,-26,-7,-2,-0.0026,0.0018,-0.9987,0.0508,1,0
163.031,163.031,27,5,82,0,0,80,-5,0,0,-27,-5,-2,-0.0024,0.002,-0.9988,0.0494,4,0
163.131,163.131,28,3,82,0,0,80,-5,0,0,-28,-3,-2,-0.0019,0.001,-0.9988,0.0487,4,0
163.231,163.231,29,1,82,0,0,80,-5,0,0,-29,-1,-2,-0.0024,0.0009,-0.9989,0.0477,4,0
163.331,163.331,30,-2,81,0,0,80,-5,0,0,-30,2,-1,-0.0006,0.001,-0.999,0.0452,4,0
163.431,163.431,31,-5,81,0,0,80,-5,0,0,-31,5,-1,0.0008,0.001,-0.999,0.0436,4,0
163.531,163.531,33,-7,81,0,0,80,-6,0,0,-33,7,-1,0.0006,0.0013,-0.9991,0.042,5,0
163.631,163.631,34,-10,80,0,0,80,-6,1,0,-34,10,0,-0.0007,0.002,-0.9992,0.0394,5,-1
163.731,163.731,34,-12,80,0,0,80,-6,1,0,-34,12,0,-0.0021,0.0015,-0.9993,0.0376,5,-1
163.831,163.831,36,-15,80,0,0,80,-6,1,0,-36,15,0,-0.0023,0.0014,-0.9994,0.0359,5,-1
163.931,163.931,37,-18,80,0,0,80,-7,1,0,-37,18,0,-0.0019,0.0012,-0.9994,0.0338,6,-1
164.031,164.031,38,-21,80,0,0,80,-7,2,0,-38,21,0,-0.0023,-0.0004,-0.9995,0.0315,6,-2
164.131,164.131,38,-24,79,0,0,80,-7,2,0,-38,24,1,-0.0033,-0.0008,-0.9996,0.0296,6,-2
164.231,164.231,39,-27,79,0,0,80,-7,5,0,-39,27,1,-0.0033,0.0005,-0.9996,0.0283,6,-5
164.331,164.331,40,-29,79,0,0,80,-7,5,0,-40,29,1,-0.0025,0.0007,-0.9996,0.0271,6,-5
164.431,164.431,41,-32,78,0,0,80,-7,6,0,-41,32,2,-0.0025,0.0011,-0.9997,0.0262,6,-6
164.531,164.531,42,-35,78,0,0,80,-8,6,0,-42,35,2,-0.0029,0.0007,-0.9997,0.0256,7,-6
164.631,164.631,42,-38,78,0,0,80,-8,7,0,-42,38,2,-0.0029,0.001,-0.9997,0.025,7,-7
164.731,164.731,43,-41,78,0,0,80,-8,7,0,-43,41,2,-0.0028,0.0016,-0.9997,0.0245,7,-7
164.841,164.841,43,-44,77,0,0,80,-8,8,0,-43,44,3,-0.0018,0.0013,-0.9997,0.0239,7,-8
164.931,164.931,44,-47,77,0,0,80,-8,8,0,-44,47,3,-0.0018,0.0013,-0.9997,0.0239,7,-8
165.041,165.041,44,-50,77,0,0,80,-8,9,0,-44,50,3,-0.0018,-0.0013,-0.9997,0.0238,7,-9
165.141,165.141,45,-53,77,0,0,80,-8,10,0,-45,53,3,-0.0046,-0.0007,-0.9998,0.0214,7,-10
165.241,165.241,45,-56,77,0,0,80,-8,10,0,-45,56,3,-0.0106,0.0035,-0.9999,0.0079,7,-10
165.341,165.341,46,-59,77,0,0,80,-8,11,0,-46,59,3,-0.0122,0.0038,-0.9998,-0.0131,8,-10
165.441,165.441,46,-63,77,0,0,80,-9,12,0,-46,63,3,-0.0106,0.0001,-0.9992,-0.0389,9,-11
165.541,165.541,46,-66,77,0,0,80,-9,12,0,-46,66,3,-0.0069,-0.0043,-0.9977,-0.0675,10,-10
165.641,165.641,47,-69,77,0,0,80,-9,13,0,-47,69,3,-0.0042,-0.0067,-0.9953,-0.0966,11,-11
165.741,165.741,47,-72,77,0,0,80,-9,14,0,-47,72,3,-0.0028,-0.0086,-0.9925,-0.1219,12,-11
165.841,165.841,47,-75,77,0,0,80,-9,14,0,-47,75,3,0.0024,-0.0164,-0.9906,-0.1358,12,-11
165.941,165.941,48,-78,77,0,0,80,-9,15,0,-48,78,3,0.0077,-0.0259,-0.9895,-0.1417,12,-11
166.041,166.041,48,-80,77,0,0,80,-9,15,0,-48,80,3,0.0083,-0.0269,-0.9896,-0.1411,12,-11
166.141,166.141,48,-82,78,0,0,80,-9,16,0,-48,82,2,0.0059,-0.0215,-0.9905,-0.1357,12,-12
166.241,166.241,47,-83,78,0,0,80,-9,16,0,-47,83,2,0.0038,-0.0153,-0.9918,-0.1267,12,-13
166.341,166.341,47,-84,78,0,0,80,-9,16,0,-47,84,2,0.0011,-0.0096,-0.9931,-0.1171,12,-13
166.441,166.441,47,-86,77,0,0,80,-9,16,0,-47,86,3,-0.0081,0.0027,-0.994,-0.1093,12,-13
166.541,166.541,46,-87,75,0,0,80,-9,17,1,-46,87,5,-0.0127,0.0071,-0.9946,-0.1026,12,-14
166.641,166.641,46,-88,71,0,0,80,-8,17,3,-46,88,9,-0.0107,0.0035,-0.9952,-0.0977,11,-15
166.741,166.741,46,-90,66,0,0,80,-8,17,6,-46,90,14,-0.0062,-0.0026,-0.9956,-0.093,11,-15
166.841,166.841,46,-91,61,0,0,80,-8,17,8,-46,91,19,-0.0026,-0.0076,-0.9959,-0.0898,10,-15
166.941,166.941,45,-92,56,0,0,80,-8,18,10,-45,92,24,0,-0.0106,-0.9962,-0.0868,10,-16
167.041,167.041,45,-94,50,0,0,80,-8,18,13,-45,94,30,0.001,-0.012,-0.9963,-0.0846,10,-16
167.141,167.141,45,-95,43,0,0,80,-8,18,16,-45,95,37,0.0011,-0.0121,-0.9966,-0.082,10,-16
167.241,167.241,45,-96,36,0,0,80,-8,18,20,-45,96,44,0.0007,-0.0118,-0.9967,-0.0805,10,-16
167.341,167.341,44,-97,30,0,0,80,-8,19,20,-44,97,50,0.0003,-0.012,-0.9967,-0.0799,10,-17
167.441,167.441,44,-97,24,0,0,80,-8,19,20,-44,97,56,0.0001,-0.0121,-0.9968,-0.0793,10,-17
167.541,167.541,43,-98,18,0,0,80,-8,19,20,-43,98,62,0,-0.0116,-0.9968,-0.0793,10,-17
167.641,167.641,42,-99,13,0,0,80,-8,19,20,-42,99,67,0.0008,-0.0106,-0.9968,-0.0798,10,-17
167.741,167.741,42,-99,8,0,0,80,-8,19,20,-42,99,72,0.0018,-0.008,-0.9967,-0.0803,10,-17
167.841,167.841,42,-99,3,0,0,80,-8,19,20,-42,99,77,0.0031,-0.0046,-0.9968,-0.08,10,-17
167.941,167.941,41,-99,-2,0,0,80,-8,19,20,-41,99,82,0.0003,-0.0056,-0.9966,-0.0825,11,-17
168.041,168.041,41,-99,-4,0,0,80,-7,19,20,-41,99,84,-0.0002,-0.0004,-0.9964,-0.0851,10,-17
168.141,168.141,42,-102,-3,0,0,80,-8,20,20,-42,102,83,0.0016,-0.0009,-0.9961,-0.0884,11,-18
168.241,168.241,41,-100,0,0,0,80,-8,19,20,-41,100,80,0.0005,-0.0032,-0.9958,-0.0913,11,-17
168.341,168.341,42,-99,3,0,0,80,-8,19,20,-42,99,77,0.0001,-0.0034,-0.9959,-0.0904,11,-17
168.441,168.441,42,-99,3,0,0,80,-8,19,20,-42,99,77,-0.0002,-0.0032,-0.9958,-0.0917,11,-17
168.541,168.541,42,-100,2,0,0,80,-8,19,20,-42,100,78,-0.0001,-0.0032,-0.9959,-0.0909,11,-17
168.641,168.641,42,-101,1,0,0,80,-8,19,20,-42,101,79,0.0002,-0.0032,-0.9958,-0.0914,11,-17
168.741,168.741,42,-101,0,0,0,80,-8,20,20,-42,101,80,0.0003,-0.0032,-0.9959,-0.0908,11,-18
168.841,168.841,42,-100,1,0,0,80,-8,19,20,-42,100,79,0.0002,-0.0033,-0.9958,-0.0912,11,-17
168.941,168.941,42,-100,1,0,0,80,-8,19,20,-42,100,79,0.0001,-0.0031,-0.9958,-0.0911,11,-17
169.041,169.041,42,-100,1,0,0,80,-8,19,20,-42,100,79,0.0001,-0.0032,-0.9958,-0.0913,11,-17
169.141,169.141,42,-100,1,0,0,80,-8,19,20,-42,100,79,0.0001,-0.0032,-0.9958,-0.0911,11,-17
169.241,169.241,42,-100,1,0,0,80,-8,19,20,-42,100,79,0.0001,-0.0032,-0.9958,-0.0911,11,-17
169.341,169.341,42,-100,1,0,0,80,-8,19,20,-42,100,79,0.0004,-0.0032,-0.9958,-0.0911,11,-17
169.441,169.441,42,-100,1,0,0,80,-8,19,20,-42,100,79,0.0002,-0.0034,-0.9958,-0.0911,11,-17
169.541,169.541,42,-100,1,0,0,80,-8,19,20,-42,100,79,0.0002,-0.0034,-0.9958,-0.0911,11,-17
169.651,169.651,42,-100,1,0,0,80,-8,19,20,-42,100,79,0.0004,-0.0031,-0.9958,-0.0911,11,-17
169.751,169.751,42,-100,1,0,0,80,-8,19,20,-42,100,79,0.0002,-0.0032,-0.9958,-0.0911,11,-17
169.851,169.851,42,-100,1,0,0,80,-8,19,20,-42,100,79,0.0002,-0.0033,-0.9958,-0.091,11,-17
169.951,169.951,42,-100,1,0,0,80,-8,19,20,-42,100,79,0.0002,-0.0033,-0.9958,-0.0911,11,-17
170.051,170.051,42,-100,1,0,0,80,-8,19,20,-42,100,79,0.0003,-0.0033,-0.9958,-0.091,11,-17
170.151,170.151,42,-100,1,0,0,80,-8,19,20,-42,100,79,0.0002,-0.0033,-0.9958,-0.0911,11,-17
170.251,170.251,42,-100,1,0,0,80,-8,19,20,-42,100,79,0.0002,-0.0031,-0.9958,-0.0911,11,-17
