T_REL,T_ABS,RADAR_POS_X,RADAR_POS_Y,RADAR_POS_Z,TARGET_POS_X,TARGET_POS_Y,TARGET_POS_Z,CMD_SPEED_X,CMD_SPEED_Y,CMD_SPEED_Z,ERROR_X,ERROR_Y,ERROR_Z,qx,qy,qz,qw,fc_sen_vel_x,fc_sen_vel_y,rt_tar_vel_x,rt_tar_vel_y
0,0,0,0,0,0,0,0,0,0,0,0,0,0,0.0024,-0.0031,-0.0057,-1,0,0,0,0
612.061,612.061,-2,-3,3,0,0,140,0,0,20,2,3,137,0.0024,-0.0031,-0.0057,-1,0,0,0,0
612.121,612.121,0,-1,4,0,0,140,0,0,20,0,1,136,0.0023,-0.0031,-0.0058,-1,0,0,0,0
612.221,612.221,-1,-1,4,0,0,140,0,0,20,1,1,136,0.0023,-0.003,-0.0057,-1,0,1,0,0
612.321,612.321,-1,-1,4,0,0,140,0,0,20,1,1,136,0.002,-0.0029,-0.0056,-1,0,1,0,0
612.421,612.421,-1,-1,3,0,0,140,0,0,20,1,1,137,0.0019,-0.0028,-0.0056,-1,0,0,0,0
612.521,612.521,-1,-1,3,0,0,140,0,0,20,1,1,137,0.0019,-0.0028,-0.0056,-1,0,0,0,0
612.621,612.621,-1,-1,3,0,0,140,0,0,20,1,1,137,0.0018,-0.0026,-0.0057,-1,0,0,0,0
612.721,612.721,0,-1,3,0,0,140,0,0,20,0,1,137,0.0017,-0.0025,-0.0056,-1,0,0,0,0
612.821,612.821,0,-1,3,0,0,140,0,0,20,0,1,137,0.002,-0.0027,-0.0056,-1,0,0,0,0
612.921,612.921,0,-1,4,0,0,140,0,0,20,0,1,136,0.0018,-0.0028,-0.0056,-1,0,0,0,0
613.021,613.021,-1,-1,4,0,0,140,0,0,20,1,1,136,0.0021,-0.0029,-0.0056,-1,1,0,0,0
613.121,613.121,0,-1,4,0,0,140,0,0,20,0,1,136,0.002,-0.0027,-0.0053,-1,5,0,0,0
613.221,613.221,0,-1,4,0,0,140,0,0,20,0,1,136,0.002,-0.0027,-0.0053,-1,6,0,0,0
613.321,613.321,2,-1,4,0,0,140,0,0,20,-2,1,136,0.0015,-0.0019,-0.0044,-1,9,0,0,0
613.421,613.421,1,-1,3,0,0,140,0,0,20,-1,1,137,0.0018,-0.0021,-0.0034,-1,1,0,0,0
613.521,613.521,-1,-1,3,0,0,140,0,0,20,1,1,137,0.0003,-0.0029,-0.0004,-1,-3,0,0,0
613.621,613.621,-1,-1,4,0,0,140,0,0,20,1,1,136,-0.0041,-0.0038,0.0033,-1,-2,1,0,0
613.721,613.721,-1,-1,5,0,0,140,0,0,20,1,1,135,-0.0041,-0.0038,0.0033,-1,0,2,0,0
613.821,613.821,0,0,7,0,0,140,0,0,20,0,0,133,-0.0012,0.0018,0.0092,-1,2,3,0,0
613.931,613.931,1,-1,9,0,0,140,0,0,20,-1,1,131,0.0026,0.0055,0.0098,-0.9999,1,0,0,0
614.031,614.031,1,-1,10,0,0,140,0,0,20,-1,1,130,0.0029,0.0068,0.011,-0.9999,1,0,0,0
614.131,614.131,1,-1,12,0,0,140,0,0,20,-1,1,128,0.0016,0.0045,0.0111,-0.9999,0,0,0,0
614.231,614.231,1,-1,14,0,0,140,0,0,20,-1,1,126,0,0.0023,0.011,-0.9999,0,2,0,0
614.331,614.331,1,0,16,0,0,140,0,0,20,-1,0,124,-0.0029,0.0003,0.0104,-0.9999,0,3,0,0
614.431,614.431,1,0,18,0,0,140,0,0,20,-1,0,122,-0.0035,-0.0021,0.0091,-1,1,2,0,0
614.531,614.531,1,0,21,0,0,140,0,0,20,-1,0,119,-0.0032,-0.0038,0.0082,-1,0,1,0,0
614.631,614.631,0,0,22,0,0,140,0,0,20,0,0,118,-0.005,-0.0031,0.007,-1,-2,2,0,0
614.731,614.731,0,1,24,0,0,140,0,0,20,0,-1,116,-0.0068,-0.0023,0.0052,-1,0,0,0,0
614.831,614.831,0,2,26,0,0,140,0,-1,20,0,-2,114,-0.0076,-0.0022,0.0026,-1,-2,0,0,0
614.931,614.931,0,2,26,0,0,140,0,-1,20,0,-2,114,-0.0076,-0.0022,0.0026,-1,0,0,0,0
615.031,615.031,0,2,28,0,0,140,0,-1,20,0,-2,112,-0.0067,-0.0019,-0.0005,-1,0,0,0,0
615.131,615.131,0,2,30,0,0,140,0,-1,20,0,-2,110,-0.005,0.0001,-0.0031,-1,0,0,0,0
615.231,615.231,0,1,32,0,0,140,0,-1,20,0,-1,108,-0.0038,0.0004,-0.0054,-1,-1,0,0,0
615.331,615.331,-1,2,34,0,0,140,0,-1,20,1,-2,106,-0.0027,-0.0013,-0.0091,-1,0,0,0,0
615.431,615.431,-1,2,37,0,0,140,0,-1,20,1,-2,103,-0.0019,-0.0033,-0.0116,-0.9999,-1,1,0,0
615.531,615.531,-2,2,38,0,0,140,0,-1,20,2,-2,102,-0.0019,-0.0047,-0.0124,-0.9999,0,0,0,0
615.631,615.631,-2,2,38,0,0,140,0,-1,20,2,-2,102,-0.002,-0.0047,-0.0124,-0.9999,0,0,0,0
615.731,615.731,-2,3,45,0,0,140,0,-1,20,2,-3,95,0.0011,-0.005,-0.0167,-0.9998,0,0,0,0
615.831,615.831,-2,3,47,0,0,140,0,-1,20,2,-3,93,-0.0006,-0.0037,-0.016,-0.9999,-2,0,0,0
615.931,615.931,-2,3,49,0,0,140,0,-1,20,2,-3,91,-0.0011,-0.002,-0.0152,-0.9999,0,0,0,0
616.031,616.031,-2,3,51,0,0,140,0,-1,20,2,-3,89,0.0003,0.0013,-0.0152,-0.9999,-1,0,0,0
616.131,616.131,-2,3,53,0,0,140,0,-1,20,2,-3,87,0.0008,0.0026,-0.0148,-0.9999,0,0,0,0
616.231,616.231,-2,3,55,0,0,140,0,-1,20,2,-3,85,0.0002,-0.0002,-0.0143,-0.9999,0,0,0,0
616.331,616.331,-3,4,58,0,0,140,0,-1,20,3,-4,82,-0.0011,-0.0024,-0.0148,-0.9999,0,-1,0,0
616.431,616.431,-3,4,61,0,0,140,1,0,20,3,-4,79,-0.0023,-0.003,-0.0146,-0.9999,0,0,0,0
616.531,616.531,-4,4,63,0,0,140,1,0,20,4,-4,77,-0.0019,-0.0026,-0.0124,-0.9999,-1,0,0,0
616.631,616.631,-4,4,65,0,0,140,1,0,20,4,-4,75,0.001,-0.0021,-0.01,-0.9999,0,0,0,0
616.731,616.731,-4,4,68,0,0,140,1,0,20,4,-4,72,0.0027,-0.002,-0.0091,-1,-1,1,0,0
616.831,616.831,-5,3,70,0,0,140,1,0,20,5,-3,70,0.0023,-0.0015,-0.0061,-1,-1,1,0,0
616.931,616.931,-5,4,72,0,0,140,1,0,20,5,-4,68,0.0001,-0.001,-0.003,-1,-1,0,0,0
617.031,617.031,-4,5,75,0,0,140,1,0,20,4,-5,65,-0.001,-0.001,-0.0018,-1,0,0,0,0
617.131,617.131,-4,5,77,0,0,140,1,0,20,4,-5,63,-0.0029,-0.0007,0.0005,-1,0,0,0,0
617.231,617.231,-4,5,79,0,0,140,1,0,20,4,-5,61,-0.0029,-0.0011,0.0023,-1,0,0,0,0
617.331,617.331,-5,5,82,0,0,140,1,0,20,5,-5,58,-0.0005,-0.0005,0.0035,-1,0,0,0,0
617.431,617.431,-5,5,84,0,0,140,1,0,20,5,-5,56,-0.0002,-0.0002,0.0045,-1,0,2,0,0
617.531,617.531,-5,5,86,0,0,140,1,0,20,5,-5,54,-0.0002,-0.0004,0.0064,-1,0,0,0,0
617.631,617.631,-5,5,89,0,0,140,1,0,20,5,-5,51,0.0003,-0.0009,0.0085,-1,0,0,0,0
617.731,617.731,-5,5,91,0,0,140,1,0,20,5,-5,49,-0.0004,-0.0007,0.0102,-0.9999,0,0,0,0
617.831,617.831,-5,6,94,0,0,140,1,0,20,5,-6,46,-0.0013,0.0003,0.011,-0.9999,0,1,0,0
617.941,617.941,-5,6,97,0,0,140,1,0,19,5,-6,43,-0.0015,0.0012,0.0103,-0.9999,-1,1,0,0
618.041,618.041,-5,7,100,0,0,140,1,0,18,5,-7,40,0.0008,0.0007,0.0105,-0.9999,0,0,0,0
618.141,618.141,-5,7,102,0,0,140,1,0,17,5,-7,38,0.0019,0.0001,0.01,-0.9999,0,-2,0,0
618.241,618.241,-5,7,105,0,0,140,1,0,16,5,-7,35,0.0009,-0.0002,0.0091,-1,-1,-3,0,0
618.341,618.341,-5,6,107,0,0,140,1,0,15,5,-6,33,-0.0019,0.0004,0.0094,-1,0,-2,0,0
618.441,618.441,-5,7,109,0,0,140,1,0,14,5,-7,31,-0.0029,0.0005,0.0092,-1,0,0,0,0
618.541,618.541,-5,7,111,0,0,140,1,0,13,5,-7,29,-0.0008,-0.0006,0.0085,-1,0,1,0,0
618.641,618.641,-5,8,113,0,0,140,1,0,12,5,-8,27,0.002,-0.0007,0.0066,-1,0,2,0,0
618.741,618.741,-5,7,115,0,0,140,1,0,11,5,-7,25,0.0031,-0.0018,0.0044,-1,0,0,0,0
618.841,618.841,-5,7,116,0,0,140,1,0,11,5,-7,24,0.0032,-0.0024,0.0025,-1,0,-3,0,0
618.941,618.941,-5,6,118,0,0,140,1,0,10,5,-6,22,0.002,-0.0016,0.0014,-1,0,-1,0,0
619.041,619.041,-6,7,119,0,0,140,1,0,9,6,-7,21,0.0009,-0.0008,0.0015,-1,0,2,0,0
619.141,619.141,-5,8,121,0,0,140,1,0,8,5,-8,19,0.0017,-0.0012,0.0004,-1,1,5,0,0
619.241,619.241,-5,8,123,0,0,140,1,0,7,5,-8,17,0.0013,-0.0001,-0.0014,-1,1,2,0,0
619.341,619.341,-6,8,125,0,0,140,1,-2,7,6,-8,15,0.0005,-0.0005,-0.0026,-1,-1,-1,0,-2
619.441,619.441,-6,8,126,0,0,140,1,-2,6,6,-8,14,-0.0005,-0.0011,-0.0039,-1,-1,0,0,-2
619.541,619.541,-6,8,127,0,0,140,1,-2,6,6,-8,13,-0.0007,-0.001,-0.0052,-1,0,2,0,-2
619.641,619.641,-6,8,129,0,0,140,1,-2,5,6,-8,11,0,-0.0013,-0.0062,-1,0,4,0,-2
619.741,619.741,-6,9,130,0,0,140,1,-2,4,6,-9,10,0.0025,-0.001,-0.0078,-1,0,1,0,-2
619.841,619.841,-6,8,131,0,0,140,1,-2,4,6,-8,9,0.0021,0.0002,-0.0091,-1,-1,-2,0,-2
619.941,619.941,-6,8,131,0,0,140,1,-2,3,6,-8,9,0,0.0006,-0.0097,-1,0,-1,0,-2
620.041,620.041,-6,9,132,0,0,140,1,-2,3,6,-9,8,-0.0028,0.0002,-0.009,-1,1,0,0,-2
620.141,620.141,-6,9,134,0,0,140,1,-2,2,6,-9,6,-0.0039,-0.0005,-0.0066,-1,-1,-1,0,-2
620.241,620.241,-6,9,135,0,0,140,1,-2,1,6,-9,5,-0.0022,-0.0002,-0.0047,-1,-3,-3,0,-2
620.341,620.341,-6,9,135,0,75,140,1,20,1,6,66,5,-0.0039,-0.0012,-0.0023,-1,-1,1,1,19
620.441,620.441,-6,10,136,0,75,140,1,19,1,6,65,4,-0.004,-0.0022,-0.0002,-1,0,3,1,18
620.541,620.541,-6,10,137,0,75,140,1,19,0,6,65,3,-0.0026,-0.0032,0.0026,-1,0,-2,0,19
620.641,620.641,-6,9,137,0,75,140,1,20,0,6,66,3,-0.0021,-0.0034,0.0047,-1,0,-6,0,20
620.741,620.741,-6,9,136,0,75,140,1,20,1,6,66,4,0.0114,-0.0026,0.0086,-0.9999,0,1,0,20
620.841,620.841,-6,9,136,0,75,140,1,20,1,6,66,4,0.0304,-0.0034,0.011,-0.9995,0,3,0,19
620.941,620.941,-5,9,136,0,75,140,1,20,1,5,66,4,0.0276,-0.0033,0.012,-0.9995,2,8,0,19
621.041,621.041,-5,11,137,0,75,140,1,19,0,5,64,3,0.0171,-0.0019,0.0125,-0.9998,1,14,0,19
621.141,621.141,-5,13,139,0,75,140,1,18,0,5,62,1,0.0063,-0.0009,0.0125,-0.9999,0,20,0,18
621.241,621.241,-5,14,139,0,75,140,1,18,0,5,61,1,0.0021,0.0001,0.0121,-0.9999,-1,14,0,18
621.341,621.341,-5,16,139,0,75,140,1,18,0,5,59,1,0.0014,0.0002,0.0114,-0.9999,0,17,0,18
621.441,621.441,-4,18,139,0,75,140,1,17,0,4,57,1,0.0012,-0.0002,0.0096,-1,2,17,0,17
621.541,621.541,-4,22,139,0,75,140,1,16,0,4,53,1,0.001,-0.001,0.0084,-1,1,17,0,16
621.651,621.651,-4,24,140,0,75,140,1,15,0,4,51,0,0.0036,-0.0004,0.0077,-1,1,12,0,15
621.741,621.741,-3,25,140,0,75,140,1,15,0,3,50,0,0.0058,-0.0014,0.006,-1,2,19,0,15
621.851,621.851,-3,27,140,0,75,140,1,14,0,3,48,0,0.0035,-0.003,0.0035,-1,0,16,0,14
621.951,621.951,-3,29,140,0,75,140,0,14,0,3,46,0,-0.0002,-0.0051,0.0009,-1,0,17,0,13
622.051,622.051,-3,31,140,0,75,140,0,13,0,3,44,0,-0.0014,-0.0044,-0.0013,-1,1,15,0,12
622.151,622.151,-3,33,140,0,75,140,0,12,0,3,42,0,-0.0016,-0.0032,-0.0038,-1,0,9,0,11
622.251,622.251,-2,35,140,0,75,140,0,12,0,2,40,0,-0.0029,-0.0021,-0.0056,-1,1,15,0,11
622.351,622.351,-2,37,141,0,75,140,0,11,0,2,38,-1,-0.006,-0.0011,-0.0063,-1,1,15,0,10
622.451,622.451,-2,39,141,0,75,140,0,11,0,2,36,-1,-0.0072,-0.0006,-0.0068,-1,1,10,0,10
622.551,622.551,-2,41,141,0,75,140,0,10,0,2,34,-1,-0.0072,-0.0008,-0.0052,-1,2,8,0,9
622.651,622.651,-1,43,141,0,75,140,0,9,0,1,32,-1,-0.0063,-0.0026,-0.0038,-1,1,7,0,8
622.751,622.751,-1,44,142,0,75,140,0,9,0,1,31,-2,-0.0049,-0.0047,-0.0018,-1,0,11,0,8
622.851,622.851,-1,46,142,0,75,140,0,9,0,1,29,-2,-0.0043,-0.0049,0.0008,-1,0,10,0,8
622.951,622.951,0,47,142,0,75,140,0,8,0,0,28,-2,-0.0035,-0.0036,0.0022,-1,1,5,0,7
623.051,623.051,0,49,142,0,75,140,0,8,0,0,26,-2,-0.0037,-0.0027,0.0041,-1,0,8,0,7
623.151,623.151,0,50,142,0,75,140,0,7,0,0,25,-2,-0.0027,-0.0018,0.0046,-1,0,8,0,6
623.251,623.251,1,51,142,0,75,140,0,4,0,-1,24,-2,-0.0023,-0.002,0.0058,-1,2,8,0,3
623.351,623.351,2,53,142,0,75,140,0,4,0,-2,22,-2,-0.0017,-0.0017,0.007,-1,1,7,0,3
623.451,623.451,2,54,142,0,75,140,0,4,0,-2,21,-2,-0.003,-0.0023,0.0075,-1,0,4,0,3
623.551,623.551,2,55,142,0,75,140,0,3,0,-2,20,-2,-0.0067,-0.002,0.0084,-0.9999,2,14,0,2
623.651,623.651,3,57,143,0,75,140,0,3,0,-3,18,-3,-0.0082,-0.0018,0.0086,-0.9999,3,12,0,2
623.751,623.751,3,58,143,0,75,140,0,3,0,-3,17,-3,-0.008,-0.0014,0.0089,-0.9999,0,8,0,2
623.851,623.851,4,59,143,0,75,140,0,3,0,-4,16,-3,-0.0073,-0.0018,0.0089,-0.9999,5,6,0,2
623.951,623.951,4,59,143,0,75,140,0,3,0,-4,16,-3,-0.0052,-0.002,0.0087,-0.9999,2,3,0,2
624.051,624.051,4,59,143,0,75,140,0,3,0,-4,16,-3,-0.0022,-0.0027,0.0086,-1,4,0,0,2
624.151,624.151,5,60,143,0,75,140,0,3,0,-5,15,-3,-0.0012,-0.0026,0.0083,-1,4,5,0,2
624.251,624.251,6,61,143,0,75,140,0,2,0,-6,14,-3,-0.0015,-0.0025,0.0078,-1,1,2,0,1
624.351,624.351,6,61,143,0,75,140,0,2,0,-6,14,-3,-0.0022,-0.0018,0.0075,-1,5,3,0,1
624.451,624.451,7,62,143,0,75,140,0,2,0,-7,13,-3,-0.0033,-0.001,0.007,-1,4,3,0,1
624.551,624.551,7,62,143,0,75,140,0,2,0,-7,13,-3,-0.0047,-0.0009,0.0065,-1,0,6,0,1
624.651,624.651,8,62,143,0,75,140,0,2,0,-8,13,-3,-0.0051,-0.0015,0.0066,-1,2,2,0,1
624.751,624.751,8,63,143,0,75,140,0,2,0,-8,12,-3,-0.0041,-0.0013,0.0057,-1,2,-3,0,1
624.851,624.851,8,63,144,0,75,140,0,2,-1,-8,12,-4,-0.0028,-0.0019,0.0052,-1,4,0,0,1
624.951,624.951,9,63,144,0,75,140,0,2,-1,-9,12,-4,-0.0023,-0.0016,0.0052,-1,3,0,0,1
625.051,625.051,9,64,144,0,75,140,0,2,-1,-9,11,-4,-0.0026,-0.0021,0.0045,-1,1,3,0,1
625.151,625.151,10,64,144,0,75,140,-1,2,-1,-10,11,-4,-0.0022,-0.0018,0.004,-1,-1,1,-1,1
625.251,625.251,10,63,144,0,75,140,-1,2,-1,-10,12,-4,-0.0024,-0.0014,0.0038,-1,0,2,-1,1
625.351,625.351,10,63,144,0,75,140,-1,2,-1,-10,12,-4,-0.003,-0.0003,0.0028,-1,1,2,-1,1
625.451,625.451,10,64,144,0,75,140,-1,2,-1,-10,11,-4,-0.0036,0.0002,0.002,-1,4,0,-1,1
625.551,625.551,11,64,144,0,75,140,-1,2,-1,-11,11,-4,-0.0041,0.0005,0.0017,-1,1,-1,-1,1
625.661,625.661,11,64,144,0,75,140,-1,2,-1,-11,11,-4,-0.0038,-0.0003,0.0011,-1,1,0,-1,1
625.761,625.761,11,64,144,0,75,140,-1,2,-1,-11,11,-4,-0.0031,-0.0011,0.0009,-1,0,-1,-1,1
625.861,625.861,11,64,144,0,75,140,-1,2,-1,-11,11,-4,-0.0035,-0.0009,0.0003,-1,1,0,-1,1
625.961,625.961,12,64,144,0,75,140,-1,2,-1,-12,11,-4,-0.0045,-0.0007,-0.0004,-1,1,1,0,2
626.061,626.061,12,63,144,0,75,140,-1,2,-1,-12,12,-4,-0.0048,-0.0001,-0.0013,-1,1,0,0,2
626.161,626.161,12,63,144,0,75,140,-1,2,-1,-12,12,-4,-0.0044,-0.0002,-0.002,-1,1,-5,0,2
626.261,626.261,12,62,144,0,75,140,-1,2,-1,-12,13,-4,-0.0027,-0.0009,-0.0026,-1,0,-1,0,2
626.361,626.361,12,62,144,0,75,140,-1,2,-1,-12,13,-4,-0.0019,-0.0023,-0.0034,-1,0,-3,0,2
626.461,626.461,12,62,144,0,75,140,-1,2,-1,-12,13,-4,-0.0014,-0.0022,-0.0026,-1,0,-1,0,2
626.561,626.561,12,62,144,0,75,140,-1,2,-1,-12,13,-4,-0.0016,-0.001,-0.002,-1,2,0,0,2
626.661,626.661,12,61,144,0,75,140,-1,2,-1,-12,14,-4,-0.0004,-0.0013,-0.0013,-1,0,-4,0,2
626.761,626.761,12,61,144,0,75,140,-1,2,-1,-12,14,-4,0.0017,-0.0029,0.0005,-1,0,-5,-1,1
626.861,626.861,12,61,144,0,75,140,-1,2,-1,-12,14,-4,0.0018,-0.0035,0.0026,-1,0,-2,-1,1
626.961,626.961,12,61,144,0,75,140,-1,2,-1,-12,14,-4,-0.002,-0.0028,0.0046,-1,-1,1,-1,1
627.061,627.061,12,61,145,0,75,140,-1,2,-1,-12,14,-5,-0.0063,-0.0002,0.0066,-1,0,1,-1,1
627.161,627.161,12,61,145,0,75,140,-1,2,-1,-12,14,-5,-0.0084,0.0014,0.008,-0.9999,1,0,-1,1
627.261,627.261,12,61,144,0,75,140,-1,2,-1,-12,14,-4,-0.0069,0.0006,0.0085,-0.9999,0,-6,-1,1
627.361,627.361,12,61,144,0,75,140,-1,2,-1,-12,14,-4,-0.0051,-0.0012,0.0087,-0.9999,-1,-3,-1,1
627.461,627.461,12,60,144,0,75,140,-1,3,-1,-12,15,-4,-0.0055,-0.0024,0.0089,-0.9999,0,-3,-1,2
627.561,627.561,12,60,144,0,75,140,-1,3,-1,-12,15,-4,-0.0049,-0.0024,0.0089,-0.9999,0,-3,-1,2
627.661,627.661,12,60,144,0,75,140,-1,3,-1,-12,15,-4,-0.0035,-0.0026,0.0089,-1,0,-1,-1,2
627.761,627.761,12,60,144,0,75,140,-1,3,-1,-12,15,-4,-0.0013,-0.0023,0.0086,-1,-1,0,-1,2
627.861,627.861,12,59,144,0,75,140,-1,3,-1,-12,16,-4,-0.0003,-0.0018,0.0081,-1,-1,-2,-1,2
627.961,627.961,12,59,144,0,75,140,-1,3,-1,-12,16,-4,0.0007,-0.0015,0.0074,-1,0,-1,-1,2
628.061,628.061,12,59,145,0,75,140,-1,3,-1,-12,16,-5,0,-0.0019,0.006,-1,1,0,-1,2
628.161,628.161,12,59,145,0,75,140,-1,3,-1,-12,16,-5,-0.0011,-0.0012,0.0045,-1,1,0,-1,2
628.261,628.261,12,59,145,0,75,140,-1,3,-1,-12,16,-5,-0.001,-0.0008,0.0028,-1,0,-1,-1,2
628.361,628.361,12,59,145,0,75,140,-1,3,-1,-12,16,-5,-0.0002,-0.0007,0.0012,-1,-1,-2,-1,2
628.461,628.461,12,58,144,0,75,140,-1,3,-1,-12,17,-4,0.001,-0.0003,-0.0002,-1,0,-1,0,3
628.561,628.561,12,58,144,0,75,140,-1,3,-1,-12,17,-4,0.0004,-0.001,-0.0016,-1,0,0,0,3
628.661,628.661,12,58,145,0,75,140,-1,3,-1,-12,17,-5,0.0006,-0.0016,-0.002,-1,-1,0,0,3
628.761,628.761,12,58,145,0,75,140,-1,3,-1,-12,17,-5,0.0013,-0.0033,-0.002,-1,0,0,0,3
628.861,628.861,12,58,145,0,75,140,-1,3,-1,-12,17,-5,0.0016,-0.0036,-0.002,-1,0,0,0,3
628.961,628.961,12,58,145,0,75,140,-1,3,-1,-12,17,-5,0.0024,-0.0031,-0.001,-1,0,0,0,3
629.061,629.061,12,58,145,0,75,140,-1,3,-1,-12,17,-5,0.0026,-0.0026,0.0002,-1,0,1,-1,2
629.161,629.161,12,58,145,0,75,140,-1,3,-1,-12,17,-5,0.0025,-0.0021,0.0013,-1,0,0,-1,2
629.261,629.261,12,58,144,0,75,140,-1,3,-1,-12,17,-4,0.0008,-0.0016,0.0021,-1,0,0,-1,2
629.361,629.361,12,59,143,0,75,140,-1,3,0,-12,16,-3,-0.0016,-0.0012,0.0033,-1,0,1,-1,2
629.461,629.461,12,59,144,0,75,140,-1,3,-1,-12,16,-4,-0.003,-0.0005,0.004,-1,0,2,-1,2
629.561,629.561,11,59,144,0,75,140,-1,3,-1,-11,16,-4,-0.0022,-0.0005,0.0044,-1,-1,0,-1,2
629.661,629.661,11,59,143,0,75,140,-1,3,0,-11,16,-3,-0.0009,-0.0009,0.0046,-1,-2,-1,-1,2
629.771,629.771,11,59,143,0,75,140,-1,3,0,-11,16,-3,-0.0005,-0.0013,0.0046,-1,0,-1,-1,2
629.871,629.871,11,59,143,0,75,140,-1,3,0,-11,16,-3,-0.0006,-0.0016,0.0046,-1,0,0,-1,2
629.971,629.971,11,60,142,0,75,140,-1,3,0,-11,15,-2,-0.0015,-0.0018,0.0048,-1,-1,4,-1,2
630.071,630.071,11,60,143,0,75,140,-1,3,0,-11,15,-3,-0.0024,-0.0018,0.0046,-1,-1,0,-1,2
630.171,630.171,10,60,143,0,75,140,-1,3,0,-10,15,-3,-0.0028,-0.0019,0.0041,-1,-2,0,-1,2
630.271,630.271,10,61,143,0,75,140,-1,2,0,-10,14,-3,-0.0021,-0.0018,0.0033,-1,-1,-2,-1,1
630.371,630.371,10,61,143,0,75,140,-1,2,0,-10,14,-3,-0.0013,-0.0015,0.0024,-1,-1,0,-1,1
630.471,630.471,10,61,143,0,75,140,-1,2,0,-10,14,-3,-0.0022,-0.0008,0.0012,-1,0,2,-1,1
630.571,630.571,10,61,143,0,75,140,-1,2,0,-10,14,-3,-0.0035,-0.0008,0.0001,-1,-2,0,-1,1
630.671,630.671,9,61,143,0,75,140,0,2,0,-9,14,-3,-0.0028,-0.0015,-0.001,-1,-3,0,0,1
630.771,630.771,9,62,143,0,75,140,0,2,0,-9,13,-3,-0.0023,-0.002,-0.0021,-1,-3,0,0,1
630.871,630.871,9,62,143,0,75,140,0,2,0,-9,13,-3,-0.002,-0.002,-0.003,-1,-1,0,0,1
630.971,630.971,8,62,143,0,75,140,0,2,0,-8,13,-3,-0.0024,-0.003,-0.0034,-1,-2,0,0,1
631.071,631.071,8,62,143,0,75,140,0,2,0,-8,13,-3,-0.0016,-0.0035,-0.0039,-1,-3,-1,0,1
631.171,631.171,8,62,144,0,75,140,0,2,-1,-8,13,-4,-0.0014,-0.0035,-0.0046,-1,-2,3,0,1
631.271,631.271,7,62,143,0,75,140,0,2,0,-7,13,-3,-0.0015,-0.0028,-0.0044,-1,-3,3,0,1
631.371,631.371,7,63,143,0,75,140,0,2,0,-7,12,-3,-0.002,-0.002,-0.0041,-1,0,0,0,1
631.471,631.471,7,63,143,0,75,140,0,2,0,-7,12,-3,-0.0017,-0.0016,-0.004,-1,-1,0,0,1
631.571,631.571,7,63,144,0,75,140,0,2,-1,-7,12,-4,-0.0012,-0.0023,-0.003,-1,-1,0,0,1
631.671,631.671,6,63,144,0,75,140,0,2,-1,-6,12,-4,-0.0021,-0.0028,-0.0021,-1,-1,-1,0,1
631.771,631.771,6,63,144,0,75,140,0,2,-1,-6,12,-4,-0.0023,-0.0032,-0.0006,-1,-3,0,0,1
631.871,631.871,6,63,144,0,75,140,0,2,-1,-6,12,-4,-0.0018,-0.0027,0.0004,-1,-1,0,0,1
631.971,631.971,6,63,143,0,75,140,0,2,0,-6,12,-3,-0.0013,-0.0027,0.0011,-1,-1,-4,0,1
632.071,632.071,6,63,143,0,75,140,0,2,0,-6,12,-3,-0.0008,-0.0021,0.0022,-1,-1,2,0,1
632.171,632.171,6,63,143,0,75,140,0,2,0,-6,12,-3,-0.0011,-0.0023,0.0028,-1,-1,0,0,1
632.271,632.271,6,64,143,0,75,140,0,2,0,-6,11,-3,-0.0008,-0.0022,0.0027,-1,-2,0,0,1
632.371,632.371,6,64,144,0,75,140,0,2,-1,-6,11,-4,-0.0005,-0.0017,0.0026,-1,0,1,0,1
632.471,632.471,5,64,144,0,75,140,0,2,-1,-5,11,-4,-0.0009,-0.0014,0.002,-1,0,3,0,1
632.571,632.571,5,64,143,0,75,140,0,2,0,-5,11,-3,-0.0012,-0.002,0.0009,-1,-1,0,0,1
632.671,632.671,5,64,143,0,75,140,0,2,0,-5,11,-3,-0.0016,-0.0028,-0.001,-1,-2,0,0,1
632.771,632.771,5,64,143,0,75,140,0,2,0,-5,11,-3,-0.0015,-0.0035,-0.0017,-1,-3,0,0,1
632.871,632.871,5,64,143,0,75,140,0,2,0,-5,11,-3,-0.0013,-0.0036,-0.0033,-1,-1,0,0,1
632.971,632.971,5,64,143,0,75,140,0,2,0,-5,11,-3,-0.0012,-0.0039,-0.004,-1,0,-1,0,1
633.071,633.071,5,64,143,0,75,140,0,2,0,-5,11,-3,-0.0004,-0.0044,-0.0049,-1,-5,-6,0,1
633.171,633.171,5,64,143,0,75,140,0,2,0,-5,11,-3,0.0002,-0.0041,-0.0051,-1,1,0,0,1
633.271,633.271,4,64,143,0,75,140,0,2,0,-4,11,-3,0.0002,-0.0034,-0.0052,-1,0,0,0,1
633.371,633.371,4,64,143,0,75,140,0,2,0,-4,11,-3,0.0003,-0.003,-0.0047,-1,0,0,0,1
633.481,633.481,4,64,143,0,75,140,0,2,0,-4,11,-3,0.0001,-0.0033,-0.0037,-1,0,0,0,1
633.581,633.581,4,64,143,0,75,140,0,2,0,-4,11,-3,-0.001,-0.0028,-0.0033,-1,0,1,0,1
633.681,633.681,5,64,143,0,75,140,0,2,0,-5,11,-3,-0.0016,-0.0024,-0.003,-1,-2,0,0,1
633.781,633.781,4,64,143,0,75,140,0,2,0,-4,11,-3,-0.0016,-0.003,-0.0018,-1,0,0,0,1
633.881,633.881,4,64,143,0,75,140,0,2,0,-4,11,-3,-0.0016,-0.0034,-0.0015,-1,0,1,0,1
633.981,633.981,4,64,143,0,75,140,0,2,0,-4,11,-3,-0.002,-0.0035,-0.0002,-1,-1,0,0,1
634.081,634.081,4,64,143,0,75,140,0,2,0,-4,11,-3,-0.0018,-0.0042,0.0006,-1,-1,2,0,1
634.181,634.181,4,64,143,0,75,140,0,2,0,-4,11,-3,-0.0022,-0.0042,0.0011,-1,-2,1,0,1
634.281,634.281,4,64,143,0,75,140,0,2,0,-4,11,-3,-0.0026,-0.0038,0.0026,-1,-1,2,0,1
634.381,634.381,4,65,143,0,75,140,0,2,0,-4,10,-3,-0.0018,-0.0035,0.0031,-1,0,0,0,1
634.481,634.481,4,65,142,0,75,140,0,2,0,-4,10,-2,-0.0018,-0.0036,0.0051,-1,-1,-1,0,1
634.581,634.581,4,65,142,0,75,140,0,2,0,-4,10,-2,-0.001,-0.0039,0.0057,-1,0,0,0,1
634.681,634.681,4,65,142,0,75,140,0,2,0,-4,10,-2,-0.0008,-0.0046,0.0073,-1,-1,1,0,1
634.781,634.781,3,65,142,0,75,140,0,2,0,-3,10,-2,-0.0008,-0.0057,0.0073,-1,0,1,0,1
634.881,634.881,3,65,143,0,75,140,0,2,0,-3,10,-3,-0.0015,-0.0062,0.0079,-0.9999,0,0,0,1
634.981,634.981,3,65,143,0,75,140,0,2,0,-3,10,-3,-0.0028,-0.0059,0.0087,-0.9999,0,3,0,1
635.081,635.081,3,66,143,0,75,140,0,2,0,-3,9,-3,-0.0031,-0.0052,0.0088,-0.9999,0,2,0,1
635.181,635.181,3,66,143,0,75,140,0,2,0,-3,9,-3,-0.0029,-0.0048,0.0084,-0.9999,0,1,0,1
635.281,635.281,3,65,143,0,125,140,0,17,0,-3,60,-3,-0.0033,-0.0052,0.0083,-0.9999,0,0,0,16
635.381,635.381,3,65,143,0,125,140,0,17,0,-3,60,-3,-0.0031,-0.0052,0.0085,-0.9999,0,7,0,16
635.481,635.481,3,65,143,0,125,140,0,17,0,-3,60,-3,-0.0025,-0.0045,0.0076,-1,0,1,0,16
635.581,635.581,3,65,143,0,125,140,0,17,0,-3,60,-3,0.0109,-0.0045,0.0064,-0.9999,0,-8,0,16
635.681,635.681,3,65,143,0,125,140,0,17,0,-3,60,-3,0.0208,-0.0047,0.005,-0.9998,0,0,0,16
635.781,635.781,3,66,143,0,125,140,0,17,0,-3,59,-3,0.0196,-0.0055,0.0034,-0.9998,0,3,0,16
635.881,635.881,3,66,143,0,125,140,0,17,0,-3,59,-3,0.0134,-0.0057,0.0021,-0.9999,0,11,0,16
635.981,635.981,3,68,143,0,125,140,0,16,0,-3,57,-3,0.0064,-0.0049,0.0012,-1,0,17,0,15
636.081,636.081,3,69,143,0,125,140,0,16,0,-3,56,-3,0.0026,-0.0041,-0.001,-1,0,8,0,15
636.181,636.181,3,70,143,0,125,140,0,16,0,-3,55,-3,0.0012,-0.0045,-0.0021,-1,0,10,0,15
636.281,636.281,3,72,143,0,125,140,0,15,0,-3,53,-3,0.0015,-0.0047,-0.0038,-1,0,10,0,14
636.381,636.381,3,73,143,0,125,140,0,15,0,-3,52,-3,0.0027,-0.0054,-0.0042,-1,0,15,0,14
636.481,636.481,3,74,143,0,125,140,0,15,0,-3,51,-3,0.0026,-0.0062,-0.0042,-1,0,7,0,14
636.581,636.581,3,76,143,0,125,140,0,14,0,-3,49,-3,0.0025,-0.0065,-0.0035,-1,0,11,0,13
636.681,636.681,3,77,143,0,125,140,0,14,0,-3,48,-3,0.0013,-0.0063,-0.0026,-1,0,10,0,13
636.781,636.781,3,79,143,0,125,140,0,14,0,-3,46,-3,0.0017,-0.0065,-0.0023,-1,0,14,0,13
636.881,636.881,3,80,143,0,125,140,0,13,0,-3,45,-3,-0.0001,-0.0064,-0.0012,-1,0,14,0,12
636.981,636.981,3,82,143,0,125,140,0,13,0,-3,43,-3,0.0012,-0.0062,-0.001,-1,0,11,0,12
637.081,637.081,3,83,143,0,125,140,0,12,0,-3,42,-3,0.0014,-0.006,0,-1,0,14,0,11
637.181,637.181,3,85,142,0,125,140,0,12,0,-3,40,-2,0.0007,-0.0054,0.0008,-1,0,10,0,11
637.281,637.281,3,87,142,0,125,140,0,11,0,-3,38,-2,0.0007,-0.0054,0.0008,-1,0,12,0,10
637.381,637.381,3,88,142,0,125,140,0,11,0,-3,37,-2,0.0002,-0.0061,0.0023,-1,0,14,0,10
637.491,637.491,3,90,142,0,125,140,0,10,0,-3,35,-2,-0.0003,-0.0067,0.0029,-1,0,11,0,9
637.591,637.591,3,92,142,0,125,140,0,10,0,-3,33,-2,-0.0013,-0.0073,0.003,-1,0,9,0,9
637.691,637.691,3,94,142,0,125,140,0,9,0,-3,31,-2,-0.0013,-0.0078,0.003,-1,0,15,0,8
637.791,637.791,3,96,142,0,125,140,0,9,0,-3,29,-2,-0.0018,-0.0074,0.0024,-1,0,15,0,8
637.891,637.891,3,97,142,0,125,140,0,8,0,-3,28,-2,-0.0023,-0.0074,0.0011,-1,0,16,0,7
637.991,637.991,3,99,142,0,125,140,0,8,0,-3,26,-2,-0.0033,-0.0067,0.0003,-1,0,16,0,7
638.091,638.091,3,101,143,0,125,140,0,4,0,-3,24,-3,-0.0057,-0.0058,-0.0006,-1,1,11,0,3
638.191,638.191,4,103,142,0,125,140,0,4,0,-4,22,-2,-0.008,-0.0049,-0.0018,-1,0,9,0,3
638.291,638.291,4,105,143,0,125,140,0,3,0,-4,20,-3,-0.0084,-0.0046,-0.002,-1,0,16,0,2
638.391,638.391,4,107,143,0,125,140,0,3,0,-4,18,-3,-0.011,-0.0046,-0.002,-0.9999,0,9,0,2
638.491,638.491,4,108,143,0,125,140,0,3,0,-4,17,-3,-0.0131,-0.0058,-0.0011,-0.9999,0,8,0,2
638.591,638.591,4,110,143,0,125,140,0,2,0,-4,15,-3,-0.0116,-0.0066,0.0003,-0.9999,0,12,0,1
638.691,638.691,4,111,143,0,125,140,0,2,0,-4,14,-3,-0.0087,-0.0069,0.002,-0.9999,0,6,0,1
638.791,638.791,4,111,143,0,125,140,0,2,0,-4,14,-3,-0.0061,-0.0063,0.004,-1,0,5,0,1
638.891,638.891,4,112,142,0,125,140,0,2,0,-4,13,-2,-0.0052,-0.0058,0.0058,-1,0,8,0,1
638.991,638.991,4,113,142,0,125,140,0,2,0,-4,12,-2,-0.0053,-0.0053,0.0071,-0.9999,0,4,0,1
639.091,639.091,4,113,142,0,125,140,0,2,0,-4,12,-2,-0.0057,-0.0056,0.0088,-0.9999,0,1,0,1
639.191,639.191,4,114,143,0,125,140,0,2,0,-4,11,-3,-0.0051,-0.0061,0.0096,-0.9999,0,7,0,1
639.291,639.291,4,115,143,0,125,140,0,2,0,-4,10,-3,-0.005,-0.0062,0.0101,-0.9999,0,4,0,1
639.391,639.391,4,115,142,0,125,140,0,2,0,-4,10,-2,-0.0047,-0.006,0.0106,-0.9999,0,0,0,1
639.491,639.491,4,115,142,0,125,140,0,2,0,-4,10,-2,-0.0049,-0.0064,0.0119,-0.9999,0,5,0,1
639.591,639.591,5,116,142,0,125,140,0,2,0,-5,9,-2,-0.0049,-0.0066,0.0133,-0.9999,0,4,0,1
639.691,639.691,5,116,142,0,125,140,0,2,0,-5,9,-2,-0.0051,-0.0062,0.0143,-0.9999,0,2,0,1
639.791,639.791,5,117,143,0,125,140,0,2,0,-5,8,-3,-0.0057,-0.0051,0.0157,-0.9998,0,1,0,1
639.891,639.891,5,117,143,0,125,140,0,2,0,-5,8,-3,-0.006,-0.0051,0.0167,-0.9998,0,2,0,1
639.991,639.991,5,117,142,0,175,140,0,17,0,-5,58,-2,-0.0058,-0.0046,0.0174,-0.9998,1,0,0,16
640.091,640.091,6,117,142,0,175,140,0,17,0,-6,58,-2,-0.0054,-0.0035,0.0183,-0.9998,0,12,0,16
640.191,640.191,6,117,142,0,175,140,0,17,0,-6,58,-2,-0.003,-0.0027,0.0192,-0.9998,0,4,0,16
640.291,640.291,6,117,142,0,175,140,0,17,0,-6,58,-2,0.0132,-0.003,0.0201,-0.9997,1,-7,0,16
640.391,640.391,6,117,142,0,175,140,0,17,0,-6,58,-2,0.0205,-0.0038,0.0209,-0.9996,0,2,0,16
640.491,640.491,6,118,142,0,175,140,0,16,0,-6,57,-2,0.0166,-0.0043,0.0215,-0.9996,0,11,0,15
640.591,640.591,7,119,142,0,175,140,0,16,0,-7,56,-2,0.0083,-0.0036,0.0217,-0.9997,0,15,0,15
640.691,640.691,7,120,141,0,175,140,0,16,0,-7,55,-1,0.0008,-0.0023,0.0213,-0.9998,0,16,0,15
640.791,640.791,7,122,142,0,175,140,0,15,0,-7,53,-2,-0.0031,-0.0024,0.0205,-0.9998,0,10,0,14
640.891,640.891,7,123,142,0,175,140,0,15,0,-7,52,-2,-0.0032,-0.0028,0.0193,-0.9998,0,6,0,14
640.991,640.991,7,124,141,0,175,140,0,15,0,-7,51,-1,-0.0014,-0.0034,0.0179,-0.9998,0,6,0,14
641.091,641.091,8,125,141,0,175,140,0,14,0,-8,50,-1,-0.0003,-0.004,0.0175,-0.9998,0,13,0,13
641.191,641.191,8,127,141,0,175,140,0,14,0,-8,48,-1,-0.0003,-0.0039,0.0169,-0.9998,0,9,0,13
641.291,641.291,8,128,141,0,175,140,0,14,0,-8,47,-1,0,-0.0039,0.017,-0.9998,0,10,0,13
641.391,641.391,9,130,141,0,175,140,0,13,0,-9,45,-1,-0.001,-0.0037,0.0168,-0.9999,0,11,0,12
641.491,641.491,9,131,141,0,175,140,0,13,0,-9,44,-1,-0.0009,-0.0034,0.017,-0.9998,0,11,0,12
641.601,641.601,9,132,141,0,175,140,0,13,0,-9,43,-1,-0.0015,-0.0025,0.0171,-0.9999,0,7,0,12
641.701,641.701,10,134,141,0,175,140,-1,12,0,-10,41,-1,-0.0025,-0.0022,0.0169,-0.9999,1,10,-1,11
641.801,641.801,10,135,141,0,175,140,-1,12,0,-10,40,-1,-0.0022,-0.0026,0.0166,-0.9999,0,8,-1,11
641.901,641.901,10,136,141,0,175,140,-1,12,0,-10,39,-1,-0.0016,-0.0026,0.0166,-0.9999,0,12,-1,11
642.001,642.001,10,138,141,0,175,140,-1,11,0,-10,37,-1,-0.0015,-0.0023,0.0161,-0.9999,0,12,-1,10
642.101,642.101,11,138,141,0,175,140,-1,11,0,-11,37,-1,-0.0004,-0.002,0.0155,-0.9999,0,6,-1,10
642.201,642.201,11,140,141,0,175,140,-1,10,0,-11,35,-1,-0.0002,-0.001,0.0148,-0.9999,0,7,-1,9
642.301,642.301,11,141,141,0,175,140,-1,10,0,-11,34,-1,-0.0003,-0.0005,0.0136,-0.9999,0,10,-1,9
642.401,642.401,11,142,142,0,175,140,-1,10,0,-11,33,-2,0.0004,-0.0005,0.0122,-0.9999,1,8,-1,9
642.501,642.501,11,144,142,0,175,140,-1,9,0,-11,31,-2,0.0003,-0.0012,0.0104,-0.9999,0,9,-1,8
642.601,642.601,12,145,142,0,175,140,-1,9,0,-12,30,-2,0.0006,-0.0023,0.0088,-1,0,7,-1,8
642.701,642.701,12,146,142,0,175,140,-1,9,0,-12,29,-2,0.001,-0.0028,0.0071,-1,0,8,-1,8
642.801,642.801,12,147,142,0,175,140,-1,8,0,-12,28,-2,-0.0001,-0.0023,0.0052,-1,2,10,-1,7
642.901,642.901,12,148,142,0,175,140,-1,8,0,-12,27,-2,-0.0007,-0.0013,0.0041,-1,0,7,-1,7
643.001,643.001,13,150,142,0,175,140,-1,7,0,-13,25,-2,-0.0001,-0.0009,0.0028,-1,1,11,-1,6
643.101,643.101,13,151,142,0,175,140,-1,4,0,-13,24,-2,-0.0008,-0.0006,0.0021,-1,0,13,-1,3
643.201,643.201,14,152,142,0,175,140,-1,4,0,-14,23,-2,-0.0008,-0.0008,0.0016,-1,1,5,-1,3
643.301,643.301,14,153,142,0,175,140,-1,4,0,-14,22,-2,-0.0024,-0.0008,0.001,-1,0,11,-1,3
643.401,643.401,14,154,142,0,175,140,-1,4,0,-14,21,-2,-0.0057,-0.0015,0.0004,-1,0,11,-1,3
643.501,643.501,14,155,141,0,175,140,-1,3,0,-14,20,-1,-0.0069,-0.0015,0.0001,-1,0,9,-1,2
643.601,643.601,14,156,141,0,175,140,-1,3,0,-14,19,-1,-0.0055,-0.0014,-0.0001,-1,1,5,0,3
643.701,643.701,14,156,141,0,175,140,-1,3,0,-14,19,-1,-0.0023,-0.0015,-0.001,-1,4,3,0,3
643.801,643.801,15,157,141,0,175,140,-1,3,0,-15,18,-1,-0.0001,-0.0006,-0.0012,-1,2,1,0,3
643.901,643.901,15,158,141,0,175,140,-1,3,0,-15,17,-1,0.0013,-0.0004,-0.001,-1,2,4,0,3
644.001,644.001,15,159,141,0,175,140,-1,3,0,-15,16,-1,0.0016,0.0001,-0.0005,-1,0,4,0,3
644.101,644.101,16,159,140,0,175,140,-1,3,0,-16,16,0,0.0015,0.0005,0.0004,-1,2,6,-1,2
644.201,644.201,16,160,140,0,175,140,-1,3,0,-16,15,0,0.0005,0.0008,0.0015,-1,1,7,-1,2
644.301,644.301,17,161,140,0,175,140,-3,2,0,-17,14,0,-0.001,0.0013,0.0034,-1,2,6,-3,1
644.401,644.401,17,161,140,0,175,140,-3,2,0,-17,14,0,-0.0028,0.0026,0.0052,-1,3,4,-3,1
644.501,644.501,17,162,140,0,175,140,-3,2,0,-17,13,0,-0.0027,0.0048,0.0069,-1,0,7,-3,1
644.601,644.601,18,163,140,0,175,140,-3,2,0,-18,12,0,-0.0055,0.008,0.0081,-0.9999,1,6,-3,1
644.701,644.701,18,164,140,0,175,140,-3,2,0,-18,11,0,-0.0057,0.0066,0.0092,-0.9999,1,6,-3,1
644.801,644.801,18,165,140,0,175,140,-3,2,0,-18,10,0,-0.003,0.0029,0.0096,-0.9999,0,4,-3,1
644.901,644.901,18,165,140,0,175,140,-3,2,0,-18,10,0,-0.002,0.0012,0.0096,-1,0,4,-3,1
645.001,645.001,18,166,140,0,175,140,-3,2,0,-18,9,0,-0.0016,0,0.0093,-1,0,2,-3,1
645.101,645.101,18,167,140,0,175,140,-3,2,0,-18,8,0,-0.003,0.0003,0.0084,-1,0,3,-3,1
645.201,645.201,18,168,140,0,175,140,-3,1,0,-18,7,0,-0.0065,0.0007,0.007,-1,0,7,-3,0
645.301,645.301,18,168,141,0,175,140,-3,1,0,-18,7,-1,-0.0095,0.0009,0.0051,-0.9999,0,8,-3,0
645.401,645.401,18,169,140,0,175,140,-3,1,0,-18,6,0,-0.0093,0.0006,0.0027,-1,-1,5,-3,0
645.501,645.501,18,170,140,0,175,140,-3,1,0,-18,5,0,-0.007,-0.0008,-0.0002,-1,-1,3,-2,1
645.601,645.601,18,170,140,0,175,140,-3,1,0,-18,5,0,-0.0049,-0.0011,-0.0027,-1,0,3,-2,1
645.701,645.701,17,171,140,0,175,140,-3,1,0,-17,4,0,-0.0049,-0.0011,-0.0027,-1,-1,6,-2,1
645.811,645.811,17,171,140,0,175,140,-3,1,0,-17,4,0,-0.0032,-0.0002,-0.0066,-1,-1,4,-2,1
645.911,645.911,17,172,140,0,175,140,-3,1,0,-17,3,0,-0.003,-0.0003,-0.0075,-1,0,3,-2,1
646.011,646.011,17,172,140,0,175,140,-3,1,0,-17,3,0,-0.0036,-0.0016,-0.0078,-1,-2,2,-2,1
646.111,646.111,17,173,140,0,175,140,-3,1,0,-17,2,0,-0.0035,-0.0019,-0.0075,-1,0,1,-2,1
646.211,646.211,17,173,139,0,175,140,-3,1,0,-17,2,1,-0.0047,-0.0005,-0.0071,-1,-1,0,-2,1
646.311,646.311,16,173,139,0,175,140,-2,1,0,-16,2,1,-0.0074,0.0011,-0.0068,-0.9999,0,3,-1,1
646.411,646.411,16,174,140,0,175,140,-2,1,0,-16,1,0,-0.0074,0.002,-0.0066,-0.9999,0,4,-1,1
646.511,646.511,16,174,140,0,175,140,-2,0,0,-16,1,0,-0.004,0.0015,-0.006,-1,0,0,-1,0
646.611,646.611,16,174,140,0,175,140,-2,0,0,-16,1,0,0.001,-0.0013,-0.0053,-1,-2,-2,-1,0
646.711,646.711,15,174,139,0,175,140,-2,0,0,-15,1,1,0.0027,-0.0021,-0.0043,-1,-3,0,-1,0
646.811,646.811,15,174,139,0,175,140,-2,0,0,-15,1,1,0.0001,-0.0014,-0.0036,-1,-1,1,-1,0
646.911,646.911,14,174,139,0,175,140,-2,0,0,-14,1,1,-0.0022,-0.0001,-0.0022,-1,-1,1,-1,0
647.011,647.011,14,175,139,0,175,140,-2,0,0,-14,0,1,-0.0045,0.0013,-0.0002,-1,-1,3,-1,0
647.111,647.111,14,175,139,0,175,140,-2,0,0,-14,0,1,-0.0056,0.0028,0.0026,-1,1,3,-1,0
647.211,647.211,14,175,139,0,175,140,-2,0,0,-14,0,1,-0.0029,0.0032,0.0046,-1,0,-1,-1,0
647.311,647.311,13,175,139,0,175,140,-2,0,0,-13,0,1,-0.0012,0.0024,0.0061,-1,-2,-1,-1,0
647.411,647.411,13,174,139,0,175,140,-2,0,0,-13,1,1,0.0002,0.0012,0.0075,-1,-1,-2,-1,0
647.511,647.511,13,175,139,0,175,140,-2,0,0,-13,0,1,-0.001,0.0001,0.0084,-1,-2,2,-1,0
647.611,647.611,12,175,139,0,175,140,-2,0,0,-12,0,1,-0.0019,-0.0004,0.0084,-1,-3,3,-1,0
647.711,647.711,11,176,139,0,175,140,-2,0,0,-11,-1,1,-0.003,-0.0006,0.0075,-1,-5,2,-1,0
647.811,647.811,11,176,139,0,175,140,-2,0,0,-11,-1,1,-0.0027,-0.001,0.0046,-1,-4,0,-1,0
647.911,647.911,11,176,139,0,175,140,-2,0,0,-11,-1,1,-0.0024,-0.0005,0.0005,-1,-2,0,-1,0
648.011,648.011,11,176,139,0,175,140,-2,0,0,-11,-1,1,-0.0035,0.0009,-0.0037,-1,-1,1,-1,0
648.111,648.111,11,176,139,0,175,140,-2,0,0,-11,-1,1,-0.0043,0.0024,-0.0091,-0.9999,0,1,-1,0
648.211,648.211,10,177,139,0,175,140,-2,0,0,-10,-2,1,-0.0054,0.0026,-0.0137,-0.9999,-3,3,-1,0
648.311,648.311,10,177,139,0,175,140,-2,0,0,-10,-2,1,-0.0032,0.0031,-0.0171,-0.9998,-3,1,-1,0
648.411,648.411,10,177,139,0,175,140,-2,0,0,-10,-2,1,-0.0014,0.0057,-0.0193,-0.9998,0,-2,-1,0
648.511,648.511,10,177,139,0,175,140,-2,0,0,-10,-2,1,-0.0018,0.0059,-0.02,-0.9998,0,0,-1,0
648.611,648.611,11,177,139,0,175,140,-2,0,0,-11,-2,1,-0.0025,0.0061,-0.0199,-0.9998,0,0,-1,0
648.711,648.711,11,178,139,0,175,140,-2,0,0,-11,-3,1,-0.0043,0.0093,-0.0197,-0.9998,0,1,-1,0
648.811,648.811,11,178,139,0,175,140,-2,0,0,-11,-3,1,-0.0041,0.0109,-0.0185,-0.9998,4,3,-1,0
648.911,648.911,11,178,139,0,175,140,-2,0,0,-11,-3,1,-0.0043,0.0116,-0.0175,-0.9998,4,1,-1,0
649.011,649.011,11,179,139,0,175,140,-2,0,0,-11,-4,1,-0.007,0.0099,-0.0154,-0.9998,-3,2,-1,0
649.111,649.111,10,179,140,0,175,140,-2,0,0,-10,-4,0,-0.0079,0.0049,-0.0133,-0.9999,-4,0,-1,0
649.211,649.211,10,179,140,0,175,140,-2,0,0,-10,-4,0,-0.0076,0,-0.0106,-0.9999,-4,0,-1,0
649.311,649.311,9,179,139,0,175,140,-1,0,0,-9,-4,1,-0.0084,-0.0018,-0.0081,-0.9999,-2,1,0,0
649.411,649.411,9,180,139,0,175,140,-1,0,0,-9,-5,1,-0.01,-0.0022,-0.0062,-0.9999,-3,4,0,0
649.511,649.511,9,180,140,0,175,140,-1,0,0,-9,-5,0,-0.0094,-0.0031,-0.0037,-0.9999,-3,0,0,0
649.611,649.611,9,180,140,0,175,140,-1,0,0,-9,-5,0,-0.0068,-0.0054,-0.0016,-1,-2,0,0,0
649.721,649.721,9,180,140,0,175,140,-1,0,0,-9,-5,0,-0.0071,-0.0024,0.0002,-1,-2,0,0,0
649.821,649.821,9,180,140,0,175,140,-1,0,0,-9,-5,0,-0.0078,0.0018,0.0017,-1,1,0,0,0
649.921,649.921,10,180,140,0,175,140,-2,0,0,-10,-5,0,-0.0078,0.0071,0.002,-0.9999,1,-1,-1,0
650.021,650.021,10,180,140,0,175,140,-2,0,0,-10,-5,0,-0.0093,0.0085,0.0009,-0.9999,3,-1,-1,0
650.121,650.121,10,180,140,0,175,140,-2,0,0,-10,-5,0,-0.0107,0.0078,0.0005,-0.9999,0,1,-1,0
650.221,650.221,10,180,141,0,175,140,-2,0,0,-10,-5,-1,-0.0098,0.0067,0.0004,-0.9999,0,0,-1,0
650.321,650.321,10,180,141,0,175,140,-2,0,0,-10,-5,-1,-0.0059,0.0055,0,-1,0,-2,-1,0
650.421,650.421,10,180,141,0,175,140,-2,0,0,-10,-5,-1,-0.0022,0.0043,-0.0013,-1,0,-1,-1,0
650.521,650.521,10,180,141,0,175,140,-2,0,0,-10,-5,-1,-0.0037,0.004,-0.0043,-1,-1,0,-1,0
650.621,650.621,10,180,140,0,175,140,-2,0,0,-10,-5,0,-0.0055,0.0029,-0.0074,-1,-1,0,-1,0
650.721,650.721,10,179,140,0,175,140,-2,0,0,-10,-4,0,-0.0067,0.0019,-0.0089,-0.9999,-1,-3,-1,0
650.821,650.821,9,179,140,0,175,140,-1,0,0,-9,-4,0,-0.0055,0.0007,-0.0093,-0.9999,0,-1,0,0
650.921,650.921,9,179,140,0,175,140,-1,0,0,-9,-4,0,-0.0023,-0.0007,-0.0078,-1,0,-3,0,0
651.021,651.021,9,179,140,0,175,100,-1,0,-18,-9,-4,-40,-0.0032,-0.0007,-0.0051,-1,0,0,0,0
651.121,651.121,9,180,140,0,175,100,-1,0,-18,-9,-5,-40,-0.0066,-0.0026,-0.0018,-1,-1,1,0,0
651.221,651.221,8,180,140,0,175,100,-1,0,-18,-8,-5,-40,-0.0099,-0.0039,0.0019,-0.9999,-1,2,0,0
651.321,651.321,8,180,139,0,175,100,-1,0,-17,-8,-5,-39,-0.0114,-0.0031,0.0055,-0.9999,-4,0,0,0
651.421,651.421,8,180,138,0,175,100,-1,0,-17,-8,-5,-38,-0.012,-0.0011,0.0085,-0.9999,-1,1,0,0
651.521,651.521,7,180,137,0,175,100,-1,0,-17,-7,-5,-37,-0.012,0.0008,0.0107,-0.9999,0,-1,0,0
651.621,651.621,7,180,136,0,175,100,-1,0,-16,-7,-5,-36,-0.0111,0.0014,0.0109,-0.9999,0,-1,0,0
651.721,651.721,7,180,134,0,175,100,-1,0,-15,-7,-5,-34,-0.0102,0.0018,0.0107,-0.9999,0,-1,0,0
651.821,651.821,7,180,133,0,175,100,-1,0,-15,-7,-5,-33,-0.0094,0.0011,0.0097,-0.9999,0,-1,0,0
651.921,651.921,7,180,132,0,175,100,-1,0,-14,-7,-5,-32,-0.0081,0,0.0083,-0.9999,-1,-1,0,0
652.021,652.021,6,180,130,0,175,100,-1,0,-13,-6,-5,-30,-0.0084,-0.0003,0.0067,-0.9999,-3,-1,0,0
652.121,652.121,6,180,129,0,175,100,-1,0,-13,-6,-5,-29,-0.0091,-0.0008,0.0051,-0.9999,-2,-1,0,0
652.221,652.221,6,179,128,0,175,100,-1,0,-12,-6,-4,-28,-0.0081,-0.0017,0.0032,-1,0,-3,0,0
652.321,652.321,5,179,127,0,175,100,-1,0,-12,-5,-4,-27,-0.0054,-0.0015,0.001,-1,-1,-3,0,0
652.421,652.421,5,178,125,0,175,100,-1,0,-11,-5,-3,-25,-0.003,-0.0025,-0.0011,-1,-2,-4,0,0
652.521,652.521,4,177,124,0,175,100,-1,0,-11,-4,-2,-24,-0.0025,-0.0038,-0.0014,-1,-2,-3,0,0
652.621,652.621,4,177,123,0,175,100,-1,0,-10,-4,-2,-23,-0.0032,-0.0051,-0.0011,-1,-2,-2,0,0
652.721,652.721,3,177,122,0,175,100,-1,0,-10,-3,-2,-22,-0.0042,-0.0054,-0.0002,-1,-4,-1,0,0
652.821,652.821,3,177,121,0,175,100,0,0,-9,-3,-2,-21,-0.0043,-0.0037,0.0013,-1,-1,0,0,0
652.921,652.921,3,177,120,0,175,100,0,0,-9,-3,-2,-20,-0.0051,-0.0022,0.0033,-1,-2,0,0,0
653.021,653.021,2,177,119,0,175,100,0,0,-8,-2,-2,-19,-0.0053,-0.0029,0.0049,-1,-3,0,0,0
653.121,653.121,1,176,118,0,175,100,0,0,-8,-1,-1,-18,-0.0057,-0.0037,0.0058,-1,-4,0,0,0
653.221,653.221,1,176,117,0,175,100,0,0,-7,-1,-1,-17,-0.0059,-0.0037,0.0058,-1,-3,0,0,0
653.321,653.321,1,176,116,0,175,100,0,0,-7,-1,-1,-16,-0.0077,-0.0037,0.0053,-0.9999,-2,0,0,0
653.421,653.421,0,176,116,0,175,100,0,0,-7,0,-1,-16,-0.0091,-0.0038,0.0043,-0.9999,-2,-1,0,0
653.521,653.521,0,175,115,0,175,100,0,0,-7,0,0,-15,-0.0068,-0.0049,0.0027,-1,-3,-2,0,0
653.631,653.631,0,175,114,0,175,100,0,0,-6,0,0,-14,-0.0047,-0.0063,0.001,-1,-1,-3,0,0
653.731,653.731,-1,175,113,0,175,100,0,0,-6,1,0,-13,-0.0055,-0.0069,-0.0011,-1,-4,-1,0,0
653.831,653.831,-1,175,113,0,175,100,0,0,-6,1,0,-13,-0.0051,-0.0055,-0.0039,-1,-1,0,0,0
653.931,653.931,-1,175,112,0,175,100,0,0,-5,1,0,-12,-0.0044,-0.0031,-0.0068,-1,0,0,0,0
654.031,654.031,-1,175,112,0,175,100,0,0,-5,1,0,-12,-0.0044,-0.0015,-0.0095,-0.9999,0,-1,0,0
654.131,654.131,-1,175,111,0,175,100,0,0,-5,1,0,-11,-0.0052,-0.0005,-0.0116,-0.9999,-1,0,0,0
654.231,654.231,-1,174,110,0,175,100,0,0,-4,1,1,-10,-0.0058,-0.0002,-0.0135,-0.9999,0,-1,0,0
654.331,654.331,-1,174,110,0,175,100,0,1,-4,1,1,-10,-0.0058,-0.0007,-0.0142,-0.9999,0,-1,0,0
654.431,654.431,-1,174,110,0,175,100,0,1,-4,1,1,-10,-0.0044,0.0007,-0.0143,-0.9999,0,-1,0,0
654.531,654.531,-1,174,109,0,175,100,0,0,-4,1,1,-9,-0.0032,0.0013,-0.0136,-0.9999,-1,-2,0,0
654.631,654.631,-1,173,109,0,175,100,0,1,-3,1,2,-9,-0.0032,0.0004,-0.0125,-0.9999,0,0,0,0
654.731,654.731,-1,173,108,0,175,100,0,1,-3,1,2,-8,-0.0037,-0.0005,-0.0113,-0.9999,0,-1,0,0
654.831,654.831,-1,173,108,0,175,100,0,1,-3,1,2,-8,-0.0032,-0.0008,-0.0096,-0.9999,0,-3,0,0
654.931,654.931,-1,172,107,0,175,100,0,1,-2,1,3,-7,-0.002,-0.0016,-0.008,-1,0,-1,0,0
655.031,655.031,-1,172,107,0,125,100,0,-14,-2,1,-47,-7,-0.0008,-0.0015,-0.0059,-1,0,-2,0,-13
655.131,655.131,-1,172,107,0,125,100,0,-14,-2,1,-47,-7,-0.0014,-0.0012,-0.0029,-1,1,-3,0,-13
655.231,655.231,-1,172,106,0,125,100,0,-14,-2,1,-47,-6,-0.0027,-0.001,-0.0001,-1,0,0,0,-13
655.331,655.331,-1,171,106,0,125,100,0,-14,-2,1,-46,-6,-0.0134,-0.0005,0.0025,-0.9999,0,3,0,-13
655.431,655.431,-1,171,106,0,125,100,0,-14,-2,1,-46,-6,-0.0209,0.0006,0.0046,-0.9998,0,-1,0,-13
655.531,655.531,0,170,105,0,125,100,0,-13,-1,0,-45,-5,-0.019,0.0003,0.006,-0.9998,0,-5,0,-12
655.631,655.631,0,169,105,0,125,100,0,-13,-1,0,-44,-5,-0.0131,0.001,0.0068,-0.9999,0,-8,0,-12
655.731,655.731,0,168,104,0,125,100,0,-13,-1,0,-43,-4,-0.007,0.0012,0.0074,-0.9999,0,-13,0,-12
655.831,655.831,-1,166,104,0,125,100,0,-12,-1,1,-41,-4,-0.002,0.0009,0.0072,-1,0,-16,0,-11
655.931,655.931,0,165,104,0,125,100,0,-12,-1,0,-40,-4,0,-0.0005,0.0066,-1,0,-10,0,-11
656.031,656.031,0,163,104,0,125,100,0,-11,-1,0,-38,-4,-0.0014,-0.0004,0.0059,-1,0,-11,0,-10
656.131,656.131,0,162,104,0,125,100,0,-11,-1,0,-37,-4,-0.0029,0,0.0056,-1,0,-12,0,-10
656.231,656.231,0,161,103,0,125,100,0,-11,0,0,-36,-3,-0.0039,-0.001,0.0053,-1,0,-16,0,-10
656.331,656.331,0,160,103,0,125,100,0,-10,0,0,-35,-3,-0.0046,-0.0005,0.0051,-1,0,-3,0,-9
656.431,656.431,0,159,102,0,125,100,0,-10,0,0,-34,-2,-0.0033,0.0006,0.0051,-1,0,-11,0,-9
656.531,656.531,1,157,102,0,125,100,0,-9,0,-1,-32,-2,-0.0033,0.0003,0.0054,-1,0,-9,0,-8
656.631,656.631,1,156,102,0,125,100,0,-9,0,-1,-31,-2,-0.0036,0.0005,0.0055,-1,0,-6,0,-8
656.731,656.731,1,155,103,0,125,100,0,-9,0,-1,-30,-3,-0.0036,0.0008,0.0058,-1,0,-4,0,-8
656.831,656.831,1,154,103,0,125,100,0,-9,0,-1,-29,-3,-0.0033,0.0003,0.0061,-1,-1,-12,0,-8
656.931,656.931,1,153,102,0,125,100,0,-8,0,-1,-28,-2,-0.0036,0,0.006,-1,1,-10,0,-7
657.031,657.031,1,153,102,0,125,100,0,-8,0,-1,-28,-2,-0.0036,0,0.006,-1,0,-10,0,-7
657.131,657.131,2,152,102,0,125,100,0,-8,0,-2,-27,-2,-0.0045,0.0013,0.0061,-1,0,-10,0,-7
657.231,657.231,2,151,102,0,125,100,0,-8,0,-2,-26,-2,-0.0061,0.0018,0.0055,-1,0,-5,0,-7
657.331,657.331,2,150,102,0,125,100,0,-7,0,-2,-25,-2,-0.0061,0.0006,0.0051,-1,0,-9,0,-6
657.431,657.431,3,149,102,0,125,100,0,-4,0,-3,-24,-2,-0.0047,0.0002,0.0039,-1,0,-8,0,-3
657.531,657.531,3,147,102,0,125,100,0,-4,0,-3,-22,-2,-0.0037,0.0004,0.0028,-1,0,-8,0,-3
657.631,657.631,3,146,101,0,125,100,0,-4,0,-3,-21,-1,-0.0028,0.0013,0.0013,-1,0,-6,0,-3
657.741,657.741,4,145,102,0,125,100,0,-3,0,-4,-20,-2,-0.0019,0.0022,-0.0004,-1,0,-8,0,-2
657.841,657.841,4,144,102,0,125,100,0,-3,0,-4,-19,-2,0.0026,0.0025,-0.0018,-1,1,-7,0,-2
657.941,657.941,5,143,102,0,125,100,0,-3,0,-5,-18,-2,0.0034,0.0032,-0.0031,-1,1,-4,0,-2
658.041,658.041,5,142,102,0,125,100,0,-3,0,-5,-17,-2,0.0001,0.0014,-0.0043,-1,0,-5,0,-2
658.141,658.141,5,141,102,0,125,100,0,-3,0,-5,-16,-2,-0.001,-0.0009,-0.0036,-1,0,-6,0,-2
658.241,658.241,5,141,101,0,125,100,0,-3,0,-5,-16,-1,-0.0009,-0.0024,-0.0043,-1,0,-4,0,-2
658.341,658.341,5,140,102,0,125,100,0,-3,0,-5,-15,-2,-0.0016,-0.0029,-0.0041,-1,0,-5,0,-2
658.441,658.441,6,139,102,0,125,100,0,-2,0,-6,-14,-2,-0.0008,-0.0016,-0.0037,-1,0,-7,0,-1
658.541,658.541,6,138,101,0,125,100,0,-2,0,-6,-13,-1,0.0004,-0.0006,-0.0033,-1,0,-7,0,-1
658.641,658.641,6,136,101,0,125,100,0,-2,0,-6,-11,-1,0.0012,-0.0013,-0.0028,-1,0,-5,0,-1
658.741,658.741,6,136,101,0,125,100,0,-2,0,-6,-11,-1,0.0024,-0.002,-0.0019,-1,2,-4,0,-1
658.841,658.841,6,136,102,0,125,100,0,-2,0,-6,-11,-2,0.0024,-0.0029,-0.001,-1,0,-1,0,-1
658.941,658.941,7,136,102,0,125,100,0,-2,0,-7,-11,-2,0.0013,-0.0032,-0.0006,-1,1,0,0,-1
659.041,659.041,7,135,102,0,125,100,0,-2,0,-7,-10,-2,-0.0008,-0.0027,0.0003,-1,0,-3,0,-1
659.141,659.141,7,135,102,0,125,100,0,-2,0,-7,-10,-2,-0.0008,-0.0027,0.0003,-1,3,-8,0,-1
659.241,659.241,8,134,101,0,125,100,0,-2,0,-8,-9,-1,-0.0025,-0.002,0.0015,-1,2,-6,0,-1
659.341,659.341,9,134,101,0,125,100,0,-2,0,-9,-9,-1,-0.0028,-0.0015,0.0024,-1,1,-3,0,-1
659.441,659.441,9,134,101,0,125,100,0,-2,0,-9,-9,-1,-0.0016,-0.0004,0.0034,-1,1,-1,0,-1
659.541,659.541,9,133,101,0,125,100,0,-2,0,-9,-8,-1,0.0002,0.0001,0.0053,-1,3,0,0,-1
659.641,659.641,10,133,102,0,125,100,-1,-2,0,-10,-8,-2,0.0016,-0.0001,0.0057,-1,3,0,0,-2
659.741,659.741,10,133,102,0,125,100,-1,-2,0,-10,-8,-2,0.0016,-0.0001,0.0057,-1,4,1,0,-2
659.841,659.841,11,132,101,0,125,100,-2,-1,0,-11,-7,-1,0.0022,-0.0029,0.0057,-1,4,-3,-1,-1
659.941,659.941,12,132,101,0,125,100,-2,-1,0,-12,-7,-1,0,-0.0016,0.0066,-1,2,-2,-1,-1
660.041,660.041,12,132,101,0,125,100,-2,-1,0,-12,-7,-1,-0.0001,-0.0016,0.0066,-1,2,-1,-1,-1
660.141,660.141,11,132,100,0,125,100,-2,-1,0,-11,-7,0,-0.0008,0.0006,0.0044,-1,-1,1,-1,-1
660.241,660.241,12,133,101,0,125,100,-1,-2,0,-12,-8,-1,-0.0023,0.0013,0.0041,-1,0,2,0,-2
660.341,660.341,13,133,102,0,125,100,-1,-2,0,-13,-8,-2,-0.0018,0.0039,0.0029,-1,1,-1,0,-2
660.441,660.441,14,132,101,0,125,100,-2,-1,0,-14,-7,-1,-0.0011,0.0051,0.0016,-1,2,-2,-1,-1
660.541,660.541,15,132,101,0,125,100,-2,-1,0,-15,-7,-1,-0.0015,0.0047,0.0002,-1,2,-3,-1,-1
660.641,660.641,15,132,101,0,125,100,-2,-1,0,-15,-7,-1,-0.0027,0.0032,-0.0008,-1,4,-4,-2,0
660.741,660.741,15,133,101,0,125,100,-1,-2,0,-15,-8,-1,-0.0039,0.001,-0.002,-1,1,0,-1,-1
660.841,660.841,16,133,102,0,125,100,-1,-2,0,-16,-8,-2,-0.0051,-0.0006,-0.0033,-1,3,0,-1,-1
660.941,660.941,16,134,102,0,125,100,-1,-2,0,-16,-9,-2,-0.0042,0.0004,-0.0038,-1,3,1,-1,-1
661.041,661.041,16,134,102,0,125,100,-1,-2,0,-16,-9,-2,-0.0033,0.0014,-0.0048,-1,1,2,-1,-1
661.141,661.141,16,134,102,0,125,100,-1,-2,0,-16,-9,-2,-0.0016,0.0016,-0.0063,-1,1,4,-1,-1
661.241,661.241,17,134,102,0,125,100,-3,-2,0,-17,-9,-2,-0.0016,0.0012,-0.007,-1,3,1,-3,-1
661.341,661.341,17,134,102,0,125,100,-3,-2,0,-17,-9,-2,-0.0037,0.0002,-0.0071,-1,3,0,-3,-1
661.441,661.441,18,134,102,0,125,100,-3,-2,0,-18,-9,-2,-0.0037,0.0002,-0.0071,-1,7,2,-3,-1
661.551,661.551,18,135,102,0,125,100,-3,-2,0,-18,-10,-2,-0.0052,0.0009,-0.0059,-1,2,5,-3,-1
661.651,661.651,18,136,102,0,125,100,-3,-2,0,-18,-11,-2,-0.0036,0.0019,-0.0049,-1,1,2,-3,-1
661.751,661.751,18,136,102,0,125,100,-3,-2,0,-18,-11,-2,-0.003,0.0049,-0.0037,-1,0,-1,-3,-1
661.851,661.851,18,135,102,0,125,100,-3,-2,0,-18,-10,-2,-0.0032,0.0063,-0.0024,-1,0,-1,-3,-1
661.951,661.951,18,135,102,0,125,100,-3,-2,0,-18,-10,-2,-0.0039,0.0046,-0.0017,-1,1,0,-3,-1
662.051,662.051,19,136,102,0,125,100,-3,-2,0,-19,-11,-2,-0.0042,0.0027,-0.0005,-1,1,2,-3,-1
662.151,662.151,19,137,102,0,125,100,-3,-2,0,-19,-12,-2,-0.0039,0.0013,0.0011,-1,1,3,-2,-2
662.251,662.251,19,137,102,0,125,100,-3,-2,0,-19,-12,-2,-0.0031,0.0015,0.0034,-1,0,0,-2,-2
662.351,662.351,19,137,102,0,125,100,-3,-2,0,-19,-12,-2,-0.0023,0.0025,0.0057,-1,0,1,-2,-2
662.451,662.451,19,137,102,0,125,100,-3,-2,0,-19,-12,-2,-0.0023,0.0025,0.0057,-1,0,1,-2,-2
662.551,662.551,19,137,101,0,125,100,-3,-2,0,-19,-12,-1,-0.0019,0.0036,0.0067,-1,-1,0,-2,-2
662.651,662.651,19,137,102,0,125,100,-3,-2,0,-19,-12,-2,-0.0023,0.0046,0.008,-1,-1,0,-2,-2
662.751,662.751,19,137,102,0,125,100,-3,-2,0,-19,-12,-2,-0.0039,0.0046,0.0089,-0.9999,-1,0,-2,-2
662.851,662.851,19,137,101,0,125,100,-3,-2,0,-19,-12,-1,-0.0055,0.0042,0.0097,-0.9999,-1,0,-2,-2
662.951,662.951,19,137,101,0,125,100,-3,-2,0,-19,-12,-1,-0.0053,0.003,0.0098,-0.9999,0,-1,-2,-2
663.051,663.051,18,137,101,0,125,100,-3,-2,0,-18,-12,-1,-0.0046,0.0027,0.0096,-0.9999,-1,0,-2,-2
663.151,663.151,18,138,101,0,125,100,-3,-2,0,-18,-13,-1,-0.0035,0.0037,0.0097,-0.9999,-1,-1,-2,-2
663.251,663.251,18,139,101,0,125,100,-3,-2,0,-18,-14,-1,-0.0035,0.0037,0.0097,-0.9999,-1,0,-2,-2
663.351,663.351,18,139,101,0,125,100,-3,-2,0,-18,-14,-1,-0.0029,0.0048,0.0089,-0.9999,-1,0,-2,-2
663.451,663.451,18,138,101,0,125,100,-3,-2,0,-18,-13,-1,-0.0023,0.0044,0.0074,-1,-1,0,-2,-2
663.551,663.551,17,138,101,0,125,100,-3,-2,0,-17,-13,-1,-0.0013,0.0028,0.0059,-1,0,0,-2,-2
663.651,663.651,17,138,101,0,125,100,-3,-2,0,-17,-13,-1,-0.0013,0.0028,0.0059,-1,-1,0,-2,-2
663.751,663.751,17,139,102,0,125,100,-3,-2,0,-17,-14,-2,0.0006,0.0005,0.0005,-1,-1,0,-2,-2
663.851,663.851,17,139,102,0,125,100,-3,-2,0,-17,-14,-2,-0.0013,0.0006,0.001,-1,-4,0,-2,-2
663.951,663.951,16,138,101,0,125,100,-1,-2,0,-16,-13,-1,-0.0035,0.001,-0.0005,-1,-1,0,-1,-1
664.051,664.051,16,139,100,0,125,100,-1,-2,0,-16,-14,0,-0.0059,0.0013,-0.0025,-1,-1,0,-1,-1
664.351,664.351,15,139,100,0,125,100,-1,-2,0,-15,-14,0,-0.0048,0.0012,-0.0076,-1,-2,1,-1,-1
664.451,664.451,14,139,101,0,125,100,-1,-2,0,-14,-14,-1,-0.0021,0.0011,-0.0083,-1,0,1,-1,-1
664.551,664.551,14,140,102,0,125,100,-1,-3,0,-14,-15,-2,-0.001,-0.001,-0.0088,-1,-1,0,-1,-2
664.651,664.651,13,140,101,0,125,100,-1,-3,0,-13,-15,-1,-0.0011,-0.0022,-0.0096,-1,0,1,-1,-2
664.751,664.751,13,140,100,0,125,100,-1,-3,0,-13,-15,0,-0.0018,-0.0012,-0.0093,-1,0,0,-1,-2
664.851,664.851,13,140,100,0,125,100,-1,-3,0,-13,-15,0,-0.0021,0.0009,-0.0089,-1,-2,4,-1,-2
664.951,664.951,12,140,100,0,125,100,-1,-3,0,-12,-15,0,-0.0029,0.002,-0.008,-1,-1,3,-1,-2
665.051,665.051,12,141,101,0,125,100,-1,-3,0,-12,-16,-1,-0.0048,0.0024,-0.0061,-1,-1,1,-1,-2
665.151,665.151,12,141,101,0,125,100,-1,-3,0,-12,-16,-1,-0.0064,0.0019,-0.0048,-1,-1,0,-1,-2
665.251,665.251,11,142,101,0,125,100,-1,-3,0,-11,-17,-1,-0.0084,0.0018,-0.0032,-1,-4,1,-1,-2
665.361,665.361,11,142,100,0,125,100,-1,-3,0,-11,-17,0,-0.0094,0.0021,-0.0012,-1,-5,0,-1,-2
665.461,665.461,11,142,99,0,125,100,-1,-3,0,-11,-17,1,-0.0088,0.0026,0.0002,-1,-3,0,0,-2
665.561,665.561,11,142,99,0,125,100,-1,-3,0,-11,-17,1,-0.0071,0.0024,0.0008,-1,-1,5,0,-3
665.661,665.661,11,142,100,0,125,100,-1,-3,0,-11,-17,0,-0.0061,0.0015,0.001,-1,-3,2,0,-3
665.761,665.761,10,143,102,0,125,100,-1,-3,0,-10,-18,-2,-0.0063,0,0.0002,-1,-1,0,0,-3
665.861,665.861,9,142,101,0,125,100,0,-3,0,-9,-17,-1,-0.0064,-0.0016,-0.0015,-1,-2,-3,0,-2
665.961,665.961,8,142,100,0,125,100,0,-3,0,-8,-17,0,-0.0088,-0.0023,-0.0033,-1,0,-4,0,-2
666.061,666.061,9,142,99,0,125,100,0,-3,0,-9,-17,1,-0.0112,-0.0011,-0.0058,-0.9999,0,-1,0,-2
666.161,666.161,9,143,100,0,125,100,0,-3,0,-9,-18,0,-0.0088,0.0023,-0.0091,-0.9999,0,-1,0,-2
666.261,666.261,8,143,101,0,125,100,0,-3,0,-8,-18,-1,-0.006,0.0051,-0.0123,-0.9999,-3,-1,0,-2
666.361,666.361,8,142,102,0,125,100,0,-3,0,-8,-17,-2,-0.0029,0.0052,-0.015,-0.9999,-2,0,0,-2
666.461,666.461,7,141,102,0,125,100,0,-3,0,-7,-16,-2,0.0001,0.0025,-0.0175,-0.9998,-3,0,0,-2
666.561,666.561,7,141,101,0,125,100,0,-3,0,-7,-16,-1,-0.0001,-0.0014,-0.019,-0.9998,-5,-4,0,-2
666.661,666.661,6,141,100,0,125,100,0,-3,0,-6,-16,0,-0.0029,-0.0025,-0.0198,-0.9998,-5,-2,0,-2
666.761,666.761,6,142,100,0,125,100,0,-3,0,-6,-17,0,-0.006,-0.0013,-0.02,-0.9998,-3,-1,0,-2
666.861,666.861,5,141,100,0,125,100,0,-3,0,-5,-16,0,-0.0062,-0.0003,-0.0206,-0.9998,-2,0,0,-2
666.961,666.961,5,141,101,0,125,100,0,-3,0,-5,-16,-1,-0.0035,-0.0008,-0.0206,-0.9998,-3,-2,0,-2
667.061,667.061,5,140,101,0,125,100,0,-3,0,-5,-15,-1,-0.0006,-0.0011,-0.0198,-0.9998,-2,-3,0,-2
667.161,667.161,4,140,101,0,125,100,0,-2,0,-4,-15,-1,-0.0006,-0.0017,-0.0178,-0.9998,-1,-1,0,-1
667.261,667.261,4,140,101,0,125,100,0,-2,0,-4,-15,-1,-0.0019,-0.0018,-0.016,-0.9999,-2,-1,0,-1
667.361,667.361,4,140,101,0,125,100,0,-2,0,-4,-15,-1,-0.0019,-0.0018,-0.016,-0.9999,0,0,0,-1
667.461,667.461,4,140,100,0,125,100,0,-2,0,-4,-15,0,-0.0027,0.0001,-0.0148,-0.9999,-1,-2,0,-1
667.561,667.561,4,139,100,0,125,100,0,-2,0,-4,-14,0,-0.0031,0.0006,-0.0124,-0.9999,-2,0,0,-1
667.661,667.661,4,139,100,0,125,100,0,-2,0,-4,-14,0,-0.0031,0.001,-0.0104,-0.9999,-2,0,0,-1
667.761,667.761,3,139,101,0,125,100,0,-2,0,-3,-14,-1,-0.0015,0.0005,-0.0084,-1,0,1,0,-1
667.861,667.861,2,139,101,0,125,100,0,-2,0,-2,-14,-1,-0.0002,-0.0002,-0.0061,-1,-1,0,0,-1
667.961,667.961,2,138,100,0,125,100,0,-2,0,-2,-13,0,0.0001,-0.0012,-0.0028,-1,-1,-1,0,-1
668.061,668.061,2,138,100,0,125,100,0,-2,0,-2,-13,0,-0.0001,-0.0018,0.0009,-1,0,-2,0,-1
668.161,668.161,2,138,100,0,125,100,0,-2,0,-2,-13,0,-0.0027,-0.0014,0.0051,-1,0,0,0,-1
668.261,668.261,2,138,100,0,125,100,0,-2,0,-2,-13,0,-0.005,-0.0002,0.0086,-1,0,-1,0,-1
668.361,668.361,2,138,100,0,125,100,0,-2,0,-2,-13,0,-0.0051,0.0006,0.012,-0.9999,0,-2,0,-1
668.461,668.461,2,138,100,0,125,100,0,-2,0,-2,-13,0,-0.0051,0.0006,0.012,-0.9999,0,-2,0,-1
668.561,668.561,2,136,98,0,125,100,0,-2,0,-2,-11,2,-0.0022,-0.0024,0.0216,-0.9998,3,-1,0,-1
668.661,668.661,2,137,99,0,125,100,0,-2,0,-2,-12,1,-0.0039,-0.0009,0.0207,-0.9998,1,0,0,-1
668.761,668.761,2,138,100,0,125,100,0,-2,0,-2,-13,0,-0.0062,0.0005,0.0227,-0.9997,1,0,0,-1
668.861,668.861,2,138,100,0,125,100,0,-2,0,-2,-13,0,-0.0084,0.0014,0.0248,-0.9997,0,-4,0,-1
668.961,668.961,1,138,99,0,125,100,0,-2,0,-1,-13,1,-0.0086,0.0019,0.0262,-0.9996,0,-3,0,-1
669.061,669.061,1,138,99,0,125,100,0,-2,0,-1,-13,1,-0.0086,0.0019,0.0261,-0.9996,0,-4,0,-1
669.161,669.161,2,137,99,0,125,100,0,-2,0,-2,-12,1,-0.0075,0.0015,0.0282,-0.9996,0,0,0,-1
669.271,669.271,2,138,99,0,125,100,0,-2,0,-2,-13,1,-0.0075,0.0008,0.026,-0.9996,0,1,0,-1
669.371,669.371,1,138,99,0,125,100,0,-2,0,-1,-13,1,-0.007,0.0001,0.0246,-0.9997,0,0,0,-1
669.471,669.471,1,137,99,0,125,100,0,-2,0,-1,-12,1,-0.0033,-0.0002,0.0211,-0.9998,0,-1,0,-1
669.571,669.571,1,136,99,0,125,100,0,-2,0,-1,-11,1,-0.0024,0.0007,0.0193,-0.9998,0,0,0,-1
669.671,669.671,1,136,99,0,125,100,0,-2,0,-1,-11,1,-0.0027,0.0014,0.0176,-0.9998,0,-1,0,-1
669.771,669.771,1,136,98,0,125,100,0,-2,0,-1,-11,2,-0.0042,0.0021,0.0163,-0.9999,1,-2,0,-1
669.871,669.871,2,136,98,0,125,100,0,-2,0,-2,-11,2,-0.0043,0.0018,0.0139,-0.9999,2,-2,0,-1
669.971,669.971,2,136,98,0,125,100,0,-2,0,-2,-11,2,-0.0032,0.0007,0.0106,-0.9999,0,0,0,-1
670.071,670.071,2,136,98,0,125,100,0,-2,0,-2,-11,2,-0.0057,0.0017,0.0082,-0.9999,3,-1,0,-1
670.171,670.171,2,136,98,0,125,100,0,-2,0,-2,-11,2,-0.0083,0.0034,0.0059,-0.9999,2,0,0,-1
670.271,670.271,2,136,99,0,125,100,0,-2,0,-2,-11,1,-0.0073,0.004,0.0031,-1,0,-2,0,-1
670.371,670.371,3,136,99,0,125,100,0,-2,0,-3,-11,1,-0.0066,0.0044,0.0019,-1,1,0,0,-1
670.471,670.471,3,136,98,0,125,100,0,-2,0,-3,-11,2,-0.0065,0.0052,0.002,-1,1,-1,0,-1
670.571,670.571,3,136,98,0,125,100,0,-2,0,-3,-11,2,-0.0062,0.0046,0.0024,-1,0,-2,0,-1
670.671,670.671,4,135,98,0,125,100,0,-2,0,-4,-10,2,-0.0068,0.0037,0.0024,-1,0,-3,0,-1
670.771,670.771,4,135,98,0,125,100,0,-2,0,-4,-10,2,-0.0064,0.0035,0.0023,-1,0,-2,0,-1
670.871,670.871,4,135,98,0,125,100,0,-2,0,-4,-10,2,-0.0036,0.003,0.0019,-1,0,-2,0,-1
670.971,670.971,4,135,99,0,125,100,0,-2,0,-4,-10,1,-0.001,0.0015,0.0003,-1,0,-1,0,-1
671.071,671.071,4,135,99,0,125,100,0,-2,0,-4,-10,1,0.0001,0.0007,-0.0013,-1,0,0,0,-1
671.171,671.171,4,134,99,0,125,100,0,-2,0,-4,-9,1,0.0004,0.001,-0.0035,-1,0,0,0,-1
671.271,671.271,4,134,98,0,125,100,0,-2,0,-4,-9,2,-0.0015,0.0001,-0.0083,-1,0,-1,0,-1
671.371,671.371,5,134,98,0,75,100,0,-17,0,-5,-59,2,-0.0038,0,-0.0097,-0.9999,0,-4,0,-16
671.471,671.471,5,134,99,0,75,100,0,-17,0,-5,-59,1,-0.0048,0.0007,-0.0119,-0.9999,0,-8,0,-16
671.571,671.571,5,134,99,0,75,100,0,-17,0,-5,-59,1,-0.004,0.0007,-0.0129,-0.9999,0,-3,0,-16
671.671,671.671,5,134,99,0,75,100,0,-17,0,-5,-59,1,-0.0032,0.0001,-0.0149,-0.9999,0,1,0,-16
671.771,671.771,5,134,99,0,75,100,0,-17,0,-5,-59,1,-0.0031,-0.0005,-0.0166,-0.9999,0,-4,0,-16
671.871,671.871,5,133,99,0,75,100,0,-17,0,-5,-58,1,-0.0131,-0.0005,-0.0172,-0.9998,0,-8,0,-16
671.971,671.971,5,132,99,0,75,100,0,-17,0,-5,-57,1,-0.0243,-0.001,-0.018,-0.9995,0,-12,0,-16
672.071,672.071,6,131,99,0,75,100,0,-16,0,-6,-56,1,-0.0208,-0.0013,-0.0191,-0.9996,0,-14,0,-15
672.171,672.171,6,130,99,0,75,100,0,-16,0,-6,-55,1,-0.0113,-0.0014,-0.0184,-0.9998,0,-11,0,-15
672.271,672.271,6,128,98,0,75,100,0,-15,0,-6,-53,2,-0.0022,-0.0007,-0.0173,-0.9998,0,-9,0,-14
672.371,672.371,6,126,98,0,75,100,0,-15,0,-6,-51,2,0.002,0.0014,-0.0165,-0.9999,0,-8,0,-14
672.471,672.471,6,124,98,0,75,100,0,-14,0,-6,-49,2,-0.0001,0.0021,-0.0153,-0.9999,0,-11,0,-13
672.571,672.571,7,123,98,0,75,100,0,-14,0,-7,-48,2,-0.0011,0.0025,-0.0145,-0.9999,0,-13,0,-13
672.671,672.671,7,121,98,0,75,100,0,-14,0,-7,-46,2,-0.0019,0.0035,-0.0139,-0.9999,0,-9,0,-13
672.771,672.771,7,120,98,0,75,100,0,-13,0,-7,-45,2,-0.0029,0.0038,-0.0123,-0.9999,0,-12,0,-12
672.871,672.871,7,118,98,0,75,100,0,-13,0,-7,-43,2,-0.0035,0.0031,-0.0099,-0.9999,0,-12,0,-12
672.971,672.971,7,117,98,0,75,100,0,-12,0,-7,-42,2,-0.0035,0.0031,-0.0099,-0.9999,0,-13,0,-11
673.071,673.071,7,116,98,0,75,100,0,-12,0,-7,-41,2,-0.0041,0.002,-0.0041,-1,0,-14,0,-11
673.181,673.181,8,114,98,0,75,100,0,-12,0,-8,-39,2,-0.0034,0.0022,-0.0031,-1,1,-15,0,-11
673.281,673.281,8,112,98,0,75,100,0,-11,0,-8,-37,2,-0.0028,0.0025,-0.0017,-1,0,-14,0,-10
673.381,673.381,8,110,98,0,75,100,0,-10,0,-8,-35,2,0.0006,0.0033,0.0007,-1,0,-12,0,-9
673.481,673.481,9,107,98,0,75,100,0,-9,0,-9,-32,2,0.0036,0.003,0.006,-1,3,-11,0,-8
673.581,673.581,9,105,99,0,75,100,0,-9,0,-9,-30,1,0.0032,0.0031,0.0079,-1,2,-8,0,-8
673.681,673.681,9,104,99,0,75,100,0,-9,0,-9,-29,1,-0.0006,0.0018,0.0104,-0.9999,0,-10,0,-8
673.781,673.781,9,102,98,0,75,100,0,-8,0,-9,-27,2,-0.0035,0.0004,0.0133,-0.9999,0,-11,0,-7
673.881,673.881,10,101,97,0,75,100,-1,-8,0,-10,-26,3,-0.0026,0.0006,0.0155,-0.9999,0,-7,0,-8
673.981,673.981,10,99,97,0,75,100,-1,-4,0,-10,-24,3,-0.0017,0.0017,0.0174,-0.9998,2,-13,0,-4
674.081,674.081,11,98,98,0,75,100,-1,-4,0,-11,-23,2,-0.0018,0.0025,0.0192,-0.9998,1,-4,0,-4
674.181,674.181,11,97,99,0,75,100,-1,-4,0,-11,-22,1,-0.0006,0.0041,0.0201,-0.9998,1,-11,0,-4
674.281,674.281,11,95,99,0,75,100,-1,-3,0,-11,-20,1,-0.0001,0.0053,0.0211,-0.9998,1,-9,0,-3
674.381,674.381,11,94,98,0,75,100,-1,-3,0,-11,-19,2,0.0022,0.0058,0.0214,-0.9998,1,-9,0,-3
674.481,674.481,12,92,98,0,75,100,-1,-3,0,-12,-17,2,0.004,0.0052,0.0223,-0.9997,2,-4,0,-3
674.581,674.581,13,92,97,0,75,100,-1,-3,0,-13,-17,3,0.0011,0.0039,0.0229,-0.9997,2,-5,0,-3
674.681,674.681,13,91,98,0,75,100,-1,-3,0,-13,-16,2,-0.0015,0.0034,0.023,-0.9997,2,-4,0,-3
674.781,674.781,13,90,98,0,75,100,-1,-3,0,-13,-15,2,-0.0033,0.004,0.0225,-0.9997,0,-4,0,-3
674.881,674.881,13,89,99,0,75,100,-1,-2,0,-13,-14,1,-0.005,0.0052,0.022,-0.9997,1,-6,0,-2
674.981,674.981,14,88,98,0,75,100,-1,-2,0,-14,-13,2,-0.0047,0.0073,0.0202,-0.9998,1,-5,0,-2
675.081,675.081,14,87,98,0,75,100,-1,-2,0,-14,-12,2,-0.002,0.0076,0.0178,-0.9998,1,-7,0,-2
675.181,675.181,14,86,98,0,75,100,-1,-2,0,-14,-11,2,0.0001,0.0069,0.0157,-0.9999,0,-11,0,-2
675.281,675.281,14,86,98,0,75,100,-1,-2,0,-14,-11,2,0.0015,0.0051,0.0137,-0.9999,0,-5,0,-2
675.381,675.381,15,85,98,0,75,100,-1,-2,0,-15,-10,2,0.0011,0.0035,0.0115,-0.9999,1,-4,0,-2
675.481,675.481,15,83,98,0,75,100,-1,-2,0,-15,-8,2,0.0015,0.0032,0.0095,-0.9999,0,-7,0,-2
675.581,675.581,15,82,98,0,75,100,-2,-1,0,-15,-7,2,0.0025,0.0041,0.0073,-1,2,-8,-1,-1
675.681,675.681,16,82,98,0,75,100,-2,-1,0,-16,-7,2,0.0047,0.0057,0.0053,-1,1,-7,-1,-1
675.781,675.781,16,81,98,0,75,100,-2,-1,0,-16,-6,2,0.0067,0.0062,0.0032,-1,0,-5,-1,-1
675.881,675.881,16,80,98,0,75,100,-2,-1,0,-16,-5,2,0.006,0.0048,0.001,-1,0,-5,-1,-1
675.981,675.981,16,80,98,0,75,100,-2,-1,0,-16,-5,2,0.0057,0.0032,-0.0009,-1,0,-5,-2,0
676.081,676.081,16,79,98,0,75,100,-2,-1,0,-16,-4,2,0.0055,0.0023,-0.0026,-1,0,-1,-2,0
676.181,676.181,17,79,98,0,75,100,-3,-1,0,-17,-4,2,0.0037,0.0026,-0.0043,-1,1,-1,-3,0
676.281,676.281,17,79,98,0,75,100,-3,-1,0,-17,-4,2,0.0002,0.0032,-0.0052,-1,2,0,-3,0
676.381,676.381,17,79,99,0,75,100,-3,-1,0,-17,-4,1,-0.0004,0.0038,-0.0056,-1,2,0,-3,0
676.481,676.481,18,79,99,0,75,100,-3,-1,0,-18,-4,1,0,0.0038,-0.005,-1,1,0,-3,0
676.581,676.581,18,79,99,0,75,100,-3,-1,0,-18,-4,1,0.0002,0.0041,-0.0028,-1,1,0,-3,0
676.681,676.681,18,79,99,0,75,100,-3,-1,0,-18,-4,1,-0.0012,0.0041,-0.0005,-1,0,0,-3,0
676.781,676.781,18,79,99,0,75,100,-3,-1,0,-18,-4,1,-0.0019,0.0041,0.0018,-1,0,0,-2,-1
676.881,676.881,18,79,99,0,75,100,-3,-1,0,-18,-4,1,-0.0011,0.002,0.0042,-1,3,0,-2,-1
676.981,676.981,19,79,100,0,75,100,-3,-1,0,-19,-4,0,-0.0007,0.0014,0.0067,-1,1,2,-2,-1
677.081,677.081,19,79,100,0,75,100,-3,-1,0,-19,-4,0,-0.0016,0.004,0.008,-1,1,1,-2,-1
677.181,677.181,19,79,99,0,75,100,-3,-1,0,-19,-4,1,-0.0038,0.0061,0.008,-0.9999,1,0,-2,-1
677.291,677.291,19,79,99,0,75,100,-3,-1,0,-19,-4,1,-0.0027,0.0053,0.0079,-1,-4,-1,-2,-1
677.391,677.391,19,79,100,0,75,100,-3,-1,0,-19,-4,0,-0.0005,0.0032,0.0079,-1,0,1,-2,-1
677.481,677.481,19,79,100,0,75,100,-3,-1,0,-19,-4,0,-0.0005,0.0032,0.0079,-1,0,1,-2,-1
677.591,677.591,19,80,100,0,75,100,-3,-1,0,-19,-5,0,-0.0023,0.0029,0.0077,-1,0,0,-2,-1
677.691,677.691,19,80,100,0,75,100,-3,-1,0,-19,-5,0,-0.0024,0.0044,0.0077,-1,0,1,-2,-1
677.791,677.791,19,80,100,0,75,100,-3,-1,0,-19,-5,0,-0.0011,0.0056,0.0074,-1,-2,-1,-2,-1
677.891,677.891,18,80,100,0,75,100,-3,-1,0,-18,-5,0,0.0012,0.006,0.007,-1,0,0,-2,-1
677.991,677.991,18,80,100,0,75,100,-3,-1,0,-18,-5,0,0.0023,0.0047,0.0054,-1,-2,-1,-2,-1
678.091,678.091,18,80,100,0,75,100,-3,-1,0,-18,-5,0,0.0019,0.0026,0.0036,-1,-4,0,-2,-1
678.191,678.191,18,80,100,0,75,100,-3,-1,0,-18,-5,0,-0.0001,0.0006,0.0019,-1,-1,0,-2,-1
678.291,678.291,17,80,100,0,75,100,-3,-1,0,-17,-5,0,-0.0007,0.0004,-0.0003,-1,-1,0,-3,0
678.391,678.391,17,80,100,0,75,100,-3,-1,0,-17,-5,0,0.0012,0.0024,-0.002,-1,0,0,-3,0
678.491,678.491,16,80,100,0,75,100,-2,-1,0,-16,-5,0,0.0026,0.0038,-0.0036,-1,-2,-1,-2,0
678.591,678.591,16,80,100,0,75,100,-2,-1,0,-16,-5,0,0.0032,0.0045,-0.0051,-1,-2,0,-2,0
678.691,678.691,16,80,100,0,75,100,-2,-1,0,-16,-5,0,0.0037,0.0055,-0.0059,-1,-1,0,-2,0
678.791,678.791,16,80,100,0,75,100,-2,-1,0,-16,-5,0,0.0034,0.0052,-0.0059,-1,-2,0,-2,0
678.891,678.891,15,80,100,0,75,100,-2,-1,0,-15,-5,0,0.0033,0.0044,-0.0051,-1,-2,0,-2,0
678.991,678.991,15,80,100,0,75,100,-2,-1,0,-15,-5,0,0.0038,0.004,-0.0042,-1,-4,1,-2,0
679.091,679.091,14,80,100,0,75,100,-2,-1,0,-14,-5,0,0.004,0.0028,-0.0031,-1,-1,6,-2,0
679.191,679.191,14,80,100,0,75,100,-2,-1,0,-14,-5,0,0.0025,0.0021,-0.0014,-1,-2,7,-2,0
679.291,679.291,14,81,100,0,75,100,-2,-1,0,-14,-6,0,0.0007,0.0022,0.0008,-1,0,3,-1,-1
679.391,679.391,13,82,100,0,75,100,-2,-1,0,-13,-7,0,-0.0004,0.0029,0.0025,-1,0,8,-1,-1
679.491,679.491,13,83,100,0,75,100,-1,-2,0,-13,-8,0,-0.0013,0.0043,0.0041,-1,-5,7,0,-2
679.591,679.591,13,83,100,0,75,100,-1,-2,0,-13,-8,0,-0.0028,0.0049,0.0055,-1,-1,0,0,-2
679.691,679.691,12,83,99,0,75,100,-1,-2,0,-12,-8,1,-0.0036,0.0043,0.007,-1,-3,1,0,-2
679.791,679.791,12,84,99,0,75,100,-1,-2,0,-12,-9,1,-0.0041,0.0023,0.0081,-1,-3,4,0,-2
679.891,679.891,11,85,99,0,75,100,-1,-2,0,-11,-10,1,-0.0059,0.0011,0.0079,-1,-2,3,0,-2
679.991,679.991,10,85,99,0,75,100,-1,-2,0,-10,-10,1,-0.0063,0.0026,0.0072,-1,-2,2,0,-2
680.091,680.091,10,86,99,0,75,100,-1,-2,0,-10,-11,1,-0.0058,0.0039,0.0051,-1,-2,2,0,-2
680.191,680.191,10,86,99,0,75,100,-1,-2,0,-10,-11,1,-0.0051,0.0045,0.0024,-1,0,1,0,-2
680.291,680.291,9,86,99,0,75,100,0,-2,0,-9,-11,1,-0.0032,0.0048,-0.0009,-1,0,0,0,-1
680.391,680.391,9,87,98,0,75,100,0,-2,0,-9,-12,2,-0.001,0.0064,-0.0047,-1,-3,4,0,-1
680.491,680.491,9,87,98,0,75,100,0,-2,0,-9,-12,2,-0.0014,0.0068,-0.0082,-0.9999,-3,3,0,-1
680.591,680.591,8,87,98,0,75,100,0,-2,0,-8,-12,2,-0.0031,0.0057,-0.0117,-0.9999,-4,0,0,-1
680.691,680.691,8,88,98,0,75,100,0,-2,0,-8,-13,2,-0.0016,0.0053,-0.0132,-0.9999,-2,2,0,-1
680.791,680.791,8,88,98,0,75,100,0,-2,0,-8,-13,2,-0.0005,0.0039,-0.0136,-0.9999,0,1,0,-1
680.901,680.901,7,88,98,0,75,100,0,-2,0,-7,-13,2,-0.0008,0.0027,-0.0128,-0.9999,-3,2,0,-1
681.001,681.001,7,89,98,0,75,100,0,-2,0,-7,-14,2,-0.0031,0.0024,-0.0113,-0.9999,0,3,0,-1
681.101,681.101,6,89,98,0,75,100,0,-2,0,-6,-14,2,-0.0043,0.0024,-0.0093,-0.9999,-1,1,0,-1
681.201,681.201,6,90,98,0,75,100,0,-2,0,-6,-15,2,-0.0053,0.0027,-0.0065,-1,-2,4,0,-1
681.301,681.301,6,90,98,0,75,100,0,-2,0,-6,-15,2,-0.0063,0.0026,-0.0028,-1,0,3,0,-1
681.401,681.401,5,91,98,0,75,100,0,-3,0,-5,-16,2,-0.0076,0.0025,0.0001,-1,-1,3,0,-2
681.501,681.501,5,92,98,0,75,100,0,-3,0,-5,-17,2,-0.0076,0.0029,0.0029,-1,-3,2,0,-2
681.601,681.601,4,92,98,0,75,100,0,-3,0,-4,-17,2,-0.0081,0.0037,0.0049,-0.9999,-7,1,0,-2
681.701,681.701,4,92,98,0,75,100,0,-3,0,-4,-17,2,-0.0069,0.0042,0.0064,-0.9999,-4,0,0,-2
681.801,681.801,4,92,98,0,75,100,0,-3,0,-4,-17,2,-0.0055,0.0032,0.0077,-0.9999,-3,1,0,-2
681.901,681.901,3,93,98,0,75,100,0,-3,0,-3,-18,2,-0.0044,0.0019,0.0084,-1,-2,0,0,-2
682.001,682.001,2,93,98,0,75,100,0,-3,0,-2,-18,2,-0.0043,0.0014,0.0087,-1,-5,0,0,-2
682.101,682.101,2,93,98,0,75,100,0,-3,0,-2,-18,2,-0.0028,0.0011,0.0098,-0.9999,-2,0,0,-2
682.201,682.201,2,93,97,0,75,100,0,-3,0,-2,-18,3,-0.003,0.0006,0.0101,-0.9999,-1,3,0,-2
682.301,682.301,1,94,96,0,75,100,0,-3,1,-1,-19,4,-0.0047,0,0.0102,-0.9999,-2,0,0,-2
682.401,682.401,0,94,94,0,75,100,0,-3,2,0,-19,6,-0.0076,-0.0002,0.0109,-0.9999,-2,1,0,-2
682.501,682.501,0,94,92,0,75,100,0,-3,3,0,-19,8,-0.0066,0.0002,0.0113,-0.9999,-6,0,0,-2
682.601,682.601,-1,94,89,0,75,100,0,-3,5,1,-19,11,-0.0049,0.0003,0.0118,-0.9999,-1,0,0,-2
682.701,682.701,-1,94,85,0,75,100,0,-3,6,1,-19,15,-0.0027,-0.0011,0.0117,-0.9999,-5,0,0,-2
682.801,682.801,-2,94,82,0,75,100,0,-3,8,2,-19,18,-0.0003,-0.0015,0.0126,-0.9999,-2,0,0,-2
682.901,682.901,-2,94,78,0,75,100,0,-3,10,2,-19,22,0.0002,-0.0014,0.0127,-0.9999,0,0,0,-2
683.001,683.001,-2,94,74,0,75,100,0,-3,11,2,-19,26,-0.0006,-0.0014,0.0121,-0.9999,-1,0,0,-2
683.101,683.101,-3,95,71,0,75,100,0,-3,13,3,-20,29,-0.0003,0,0.0102,-0.9999,0,3,0,-2
683.201,683.201,-3,95,67,0,75,100,1,-3,15,3,-20,33,-0.0024,0,0.0091,-1,0,2,1,-2
683.301,683.301,-3,95,64,0,75,100,1,-3,16,3,-20,36,-0.0074,0.0014,0.0081,-0.9999,0,1,1,-2
683.401,683.401,-3,96,60,0,75,100,1,-3,18,3,-21,40,-0.0072,0.0028,0.0078,-0.9999,0,0,1,-2
683.501,683.501,-3,96,56,0,75,100,1,-4,20,3,-21,44,-0.004,0.0059,0.0068,-1,0,0,1,-3
683.601,683.601,-2,95,52,0,75,100,0,-3,20,2,-20,48,-0.0014,0.0078,0.0051,-1,-2,1,0,-2
683.701,683.701,-2,95,48,0,75,100,0,-3,20,2,-20,52,-0.0017,0.0075,0.0051,-1,0,0,0,-2
683.801,683.801,-3,96,44,0,75,100,0,-3,20,3,-21,56,-0.0011,0.0055,0.0056,-1,-1,0,0,-2
683.901,683.901,-3,96,39,0,75,100,1,-4,20,3,-21,61,-0.0032,0.0051,0.0042,-1,-3,1,1,-3
684.001,684.001,-3,97,35,0,75,100,1,-4,20,3,-22,65,-0.0057,0.0053,0.0041,-1,-1,1,1,-3
684.101,684.101,-3,97,31,0,75,100,1,-4,20,3,-22,69,-0.0033,0.0054,0.0056,-1,-2,2,1,-3
684.201,684.201,-3,97,27,0,75,100,1,-4,20,3,-22,73,0.0001,0.0024,0.0059,-1,0,3,1,-3
684.301,684.301,-3,97,23,0,75,100,1,-4,20,3,-22,77,-0.0018,-0.0011,0.0043,-1,0,3,1,-3
684.401,684.401,-3,98,18,0,75,100,1,-4,20,3,-23,82,-0.0018,-0.0011,0.0043,-1,0,1,1,-3
684.501,684.501,-3,98,14,0,75,100,1,-4,20,3,-23,86,-0.0093,0.0039,-0.0029,-0.9999,-1,0,0,-4
684.601,684.601,-3,98,10,0,75,100,1,-4,20,3,-23,90,-0.0125,0.0059,-0.0072,-0.9999,-3,-2,0,-4
684.701,684.701,-3,99,6,0,75,100,1,-4,20,3,-24,94,-0.0139,0.0033,-0.0103,-0.9998,3,4,0,-4
684.811,684.811,-3,99,3,0,75,100,1,-4,20,3,-24,97,-0.006,-0.0021,-0.0157,-0.9999,8,8,0,-4
684.911,684.911,-1,102,3,0,75,100,0,-8,20,1,-27,97,0.0054,0.0004,-0.0227,-0.9997,0,6,0,-7
685.011,685.011,-3,101,4,0,75,100,0,-8,20,3,-26,96,0.0018,-0.0012,-0.0244,-0.9997,-5,2,0,-7
685.111,685.111,-4,101,5,0,75,100,1,-8,20,4,-26,95,-0.001,-0.0022,-0.027,-0.9996,-4,0,0,-8
685.211,685.211,-4,100,4,0,75,100,1,-7,20,4,-25,96,-0.0009,-0.002,-0.0265,-0.9996,-2,-2,0,-7
685.311,685.311,-4,99,4,0,75,100,1,-4,20,4,-24,96,-0.0006,-0.0016,-0.0267,-0.9996,1,-2,0,-4
685.411,685.411,-3,99,4,0,75,100,1,-4,20,3,-24,96,-0.0005,-0.0015,-0.0275,-0.9996,0,0,0,-4
685.511,685.511,-2,100,3,0,75,100,0,-7,20,2,-25,97,-0.0006,-0.0012,-0.0268,-0.9996,0,0,0,-6
685.611,685.611,-2,100,3,0,75,100,0,-7,20,2,-25,97,-0.0004,-0.001,-0.0268,-0.9996,0,0,0,-6
685.711,685.711,-2,100,3,0,75,100,0,-7,20,2,-25,97,-0.0006,-0.0011,-0.0266,-0.9996,0,0,0,-6
685.811,685.811,-3,100,4,0,75,100,0,-7,20,3,-25,96,-0.0007,-0.0013,-0.0268,-0.9996,0,0,0,-6
685.911,685.911,-3,100,4,0,75,100,1,-7,20,3,-25,96,-0.0007,-0.0013,-0.0265,-0.9996,0,0,0,-7
686.011,686.011,-3,100,4,0,75,100,1,-7,20,3,-25,96,-0.0004,-0.0016,-0.0267,-0.9996,0,0,0,-7
686.111,686.111,-3,100,4,0,75,100,1,-7,20,3,-25,96,-0.0005,-0.0014,-0.0268,-0.9996,0,0,0,-7
686.211,686.211,-3,100,4,0,75,100,1,-7,20,3,-25,96,-0.0006,-0.0015,-0.0268,-0.9996,0,0,0,-7
686.311,686.311,-3,100,4,0,75,100,1,-7,20,3,-25,96,-0.0007,-0.0013,-0.0268,-0.9996,0,0,0,-7
686.411,686.411,-3,100,4,0,75,100,1,-7,20,3,-25,96,-0.0005,-0.0014,-0.0267,-0.9996,0,0,0,-7
686.511,686.511,-3,100,4,0,75,100,1,-7,20,3,-25,96,-0.0007,-0.0015,-0.0267,-0.9996,0,0,0,-7
686.611,686.611,-3,100,4,0,75,100,1,-7,20,3,-25,96,-0.0005,-0.0013,-0.0268,-0.9996,0,0,0,-7
686.711,686.711,-3,100,4,0,75,100,1,-7,20,3,-25,96,-0.0007,-0.001,-0.0267,-0.9996,0,0,0,-7
686.811,686.811,-3,100,4,0,75,100,1,-7,20,3,-25,96,-0.0005,-0.0013,-0.0268,-0.9996,0,0,0,-7
686.911,686.911,-3,100,4,0,75,100,1,-7,20,3,-25,96,-0.0006,-0.0013,-0.0268,-0.9996,0,0,0,-7
687.011,687.011,-3,100,4,0,75,100,1,-7,20,3,-25,96,-0.0007,-0.0016,-0.0267,-0.9996,0,0,0,-7
687.111,687.111,-3,100,4,0,75,100,1,-7,20,3,-25,96,-0.0006,-0.0015,-0.0267,-0.9996,0,0,0,-7
687.211,687.211,-3,100,4,0,75,100,1,-7,20,3,-25,96,-0.0007,-0.0014,-0.0267,-0.9996,0,0,0,-7
687.311,687.311,-3,100,4,0,75,100,1,-7,20,3,-25,96,-0.0006,-0.0013,-0.0267,-0.9996,0,0,0,-7
687.411,687.411,-3,100,4,0,75,100,1,-7,20,3,-25,96,-0.0006,-0.0012,-0.0267,-0.9996,0,0,0,-7
687.511,687.511,-3,100,4,0,75,100,1,-7,20,3,-25,96,-0.0005,-0.0012,-0.0265,-0.9996,0,0,0,-7
687.611,687.611,-3,100,4,0,75,100,1,-7,20,3,-25,96,-0.0006,-0.0011,-0.0267,-0.9996,0,0,0,-7
687.711,687.711,-3,100,4,0,75,100,1,-7,20,3,-25,96,-0.0005,-0.0013,-0.0266,-0.9996,0,0,0,-7
