T_REL,T_ABS,RADAR_POS_X,RADAR_POS_Y,RADAR_POS_Z,TARGET_POS_X,TARGET_POS_Y,TARGET_POS_Z,CMD_SPEED_X,CMD_SPEED_Y,CMD_SPEED_Z,ERROR_X,ERROR_Y,ERROR_Z
359.9,359.9,209,122,98,200,75,100,0,0,0,-9,-47,2
360,360,209,122,98,200,75,100,0,0,0,-9,-47,2
360.1,360.1,209,122,98,200,75,100,0,0,0,-9,-47,2
360.2,360.2,209,122,98,200,75,100,0,0,0,-9,-47,2
360.3,360.3,209,122,98,200,75,100,0,0,0,-9,-47,2
360.4,360.4,209,122,98,200,75,100,0,0,0,-9,-47,2
360.5,360.5,209,122,98,200,75,100,0,0,0,-9,-47,2
360.6,360.6,209,122,98,200,75,100,0,0,0,-9,-47,2
360.7,360.7,209,122,98,200,75,100,0,0,0,-9,-47,2
360.8,360.8,209,122,98,200,75,100,0,0,0,-9,-47,2
360.9,360.9,209,122,98,200,75,100,0,0,0,-9,-47,2
361,361,209,122,98,200,75,100,0,0,0,-9,-47,2
361.1,361.1,209,122,98,200,75,100,0,0,0,-9,-47,2
361.2,361.2,209,122,98,200,75,100,0,0,0,-9,-47,2
361.3,361.3,209,122,98,200,75,100,0,0,0,-9,-47,2
361.4,361.4,209,122,98,200,75,100,0,0,0,-9,-47,2
361.5,361.5,209,122,98,200,75,100,0,0,0,-9,-47,2
361.6,361.6,209,122,98,200,75,100,0,0,0,-9,-47,2
361.7,361.7,209,122,98,200,75,100,0,0,0,-9,-47,2
361.8,361.8,209,122,98,200,75,100,0,0,0,-9,-47,2
361.9,361.9,209,122,98,200,75,100,0,0,0,-9,-47,2
362,362,209,122,98,200,75,100,0,0,0,-9,-47,2
362.1,362.1,209,122,98,200,75,100,0,0,0,-9,-47,2
362.2,362.2,209,122,98,200,75,100,0,0,0,-9,-47,2
362.3,362.3,209,122,98,200,75,100,0,0,0,-9,-47,2
362.4,362.4,209,122,98,200,75,100,0,0,0,-9,-47,2
362.5,362.5,209,122,98,200,75,100,0,0,0,-9,-47,2
362.6,362.6,209,122,98,200,75,100,0,0,0,-9,-47,2
362.7,362.7,209,122,98,200,75,100,0,0,0,-9,-47,2
362.8,362.8,209,122,98,200,75,100,0,0,0,-9,-47,2
362.9,362.9,209,122,98,200,75,100,0,0,0,-9,-47,2
363,363,209,122,98,200,75,100,0,0,0,-9,-47,2
363.1,363.1,209,122,98,200,75,100,0,0,0,-9,-47,2
363.2,363.2,209,122,98,200,75,100,0,0,0,-9,-47,2
363.3,363.3,209,122,98,200,75,100,0,0,0,-9,-47,2
363.4,363.4,209,122,98,200,75,100,0,0,0,-9,-47,2
363.5,363.5,209,122,98,200,75,100,0,0,0,-9,-47,2
363.6,363.6,209,122,98,200,75,100,0,0,0,-9,-47,2
363.7,363.7,209,122,98,200,75,100,0,0,0,-9,-47,2
363.8,363.8,209,122,98,200,75,100,0,0,0,-9,-47,2
363.9,363.9,209,122,98,200,75,100,0,0,0,-9,-47,2
364,364,209,122,98,200,75,100,0,0,0,-9,-47,2
364.1,364.1,209,122,98,200,75,100,0,0,0,-9,-47,2
364.2,364.2,209,122,98,200,75,100,0,0,0,-9,-47,2
364.3,364.3,209,122,98,200,75,100,0,0,0,-9,-47,2
364.4,364.4,209,122,98,200,75,100,0,0,0,-9,-47,2
364.5,364.5,209,122,98,200,75,100,0,0,0,-9,-47,2
364.6,364.6,209,122,98,200,75,100,0,0,0,-9,-47,2
364.7,364.7,209,122,98,200,75,100,0,0,0,-9,-47,2
364.8,364.8,209,122,98,200,75,100,0,0,0,-9,-47,2
364.9,364.9,209,122,98,200,75,100,0,0,0,-9,-47,2
365,365,209,122,98,200,75,100,0,0,0,-9,-47,2
365.1,365.1,209,122,98,200,75,100,0,0,0,-9,-47,2
365.2,365.2,209,122,98,200,75,100,0,0,0,-9,-47,2
365.3,365.3,209,122,98,200,75,100,0,0,0,-9,-47,2
365.4,365.4,209,122,98,200,75,100,0,0,0,-9,-47,2
365.5,365.5,209,122,98,200,75,100,0,0,0,-9,-47,2
365.6,365.6,209,122,98,200,75,100,0,0,0,-9,-47,2
365.7,365.7,209,122,98,200,75,100,0,0,0,-9,-47,2
365.8,365.8,209,122,98,200,75,100,0,0,0,-9,-47,2
365.9,365.9,209,122,98,200,75,100,0,0,0,-9,-47,2
366,366,209,122,98,200,75,100,0,0,0,-9,-47,2
366.1,366.1,209,122,98,200,75,100,0,0,0,-9,-47,2
366.2,366.2,209,122,98,200,75,100,0,0,0,-9,-47,2
366.3,366.3,209,122,98,200,75,100,0,0,0,-9,-47,2
366.4,366.4,209,122,98,200,75,100,0,0,0,-9,-47,2
366.5,366.5,209,122,98,200,75,100,0,0,0,-9,-47,2
366.6,366.6,209,122,98,200,75,100,0,0,0,-9,-47,2
366.7,366.7,209,122,98,200,75,100,0,0,0,-9,-47,2
366.8,366.8,209,122,98,200,75,100,0,0,0,-9,-47,2
366.9,366.9,209,122,98,200,75,100,0,0,0,-9,-47,2
367,367,209,122,98,200,75,100,0,0,0,-9,-47,2
367.1,367.1,209,122,98,200,75,100,0,0,0,-9,-47,2
367.2,367.2,209,122,98,200,75,100,0,0,0,-9,-47,2
367.3,367.3,209,122,98,200,75,100,0,0,0,-9,-47,2
367.4,367.4,209,122,98,200,75,100,0,0,0,-9,-47,2
367.5,367.5,209,122,98,200,75,100,0,0,0,-9,-47,2
367.6,367.6,209,122,98,200,75,100,0,0,0,-9,-47,2
367.7,367.7,209,122,98,200,75,100,0,0,0,-9,-47,2
367.8,367.8,209,122,98,200,75,100,0,0,0,-9,-47,2
367.9,367.9,209,122,98,200,75,100,0,0,0,-9,-47,2
368,368,209,122,98,200,75,100,0,0,0,-9,-47,2
368.1,368.1,201,86,97,200,75,100,0,0,0,-1,-11,3
368.2,368.2,201,86,97,200,75,100,0,0,0,-1,-11,3
368.3,368.3,201,86,97,200,75,100,0,0,0,-1,-11,3
368.4,368.4,201,86,97,200,75,100,0,0,0,-1,-11,3
368.5,368.5,201,86,97,200,75,100,0,0,0,-1,-11,3
368.6,368.6,201,86,97,200,75,100,0,0,0,-1,-11,3
368.7,368.7,201,86,97,200,75,100,0,0,0,-1,-11,3
368.8,368.8,201,86,97,200,75,100,0,0,0,-1,-11,3
368.9,368.9,201,86,97,200,75,100,0,0,0,-1,-11,3
369,369,201,86,97,200,75,100,0,0,0,-1,-11,3
369.1,369.1,201,86,97,200,75,100,0,0,0,-1,-11,3
369.2,369.2,201,86,97,200,75,100,0,0,0,-1,-11,3
369.3,369.3,201,86,97,200,75,100,0,0,0,-1,-11,3
369.4,369.4,201,86,97,200,75,100,0,0,0,-1,-11,3
369.5,369.5,201,86,97,200,75,100,0,0,0,-1,-11,3
369.6,369.6,201,86,97,200,75,100,0,0,0,-1,-11,3
369.7,369.7,201,86,97,200,75,100,0,0,0,-1,-11,3
369.8,369.8,201,86,97,200,75,100,0,0,0,-1,-11,3
369.9,369.9,201,86,97,200,75,100,0,0,0,-1,-11,3
370,370,201,86,97,200,75,100,0,0,0,-1,-11,3
370.1,370.1,201,86,97,200,75,100,0,0,0,-1,-11,3
370.2,370.2,201,86,97,200,75,100,0,0,0,-1,-11,3
370.3,370.3,201,86,97,200,75,100,0,0,0,-1,-11,3
370.4,370.4,201,86,97,200,75,100,0,0,0,-1,-11,3
370.5,370.5,201,86,97,200,75,100,0,0,0,-1,-11,3
370.6,370.6,201,86,97,200,75,100,0,0,0,-1,-11,3
370.7,370.7,201,86,97,200,75,100,0,0,0,-1,-11,3
370.8,370.8,201,86,97,200,75,100,0,0,0,-1,-11,3
370.9,370.9,201,86,97,200,75,100,0,0,0,-1,-11,3
371,371,201,86,97,200,75,100,0,0,0,-1,-11,3
371.1,371.1,201,86,97,200,75,100,0,0,0,-1,-11,3
371.2,371.2,201,86,97,200,75,100,0,0,0,-1,-11,3
371.3,371.3,201,86,97,200,75,100,0,0,0,-1,-11,3
371.4,371.4,201,86,97,200,75,100,0,0,0,-1,-11,3
371.5,371.5,201,86,97,200,75,100,0,0,0,-1,-11,3
371.6,371.6,201,86,97,200,75,100,0,0,0,-1,-11,3
371.7,371.7,201,86,97,200,75,100,0,0,0,-1,-11,3
371.8,371.8,201,86,97,200,75,100,0,0,0,-1,-11,3
371.9,371.9,201,86,97,200,75,100,0,0,0,-1,-11,3
372,372,201,86,97,200,75,100,0,0,0,-1,-11,3
372.1,372.1,201,86,97,200,75,100,0,0,0,-1,-11,3
372.2,372.2,201,86,97,200,75,100,0,0,0,-1,-11,3
372.3,372.3,201,86,97,200,75,100,0,0,0,-1,-11,3
372.4,372.4,201,86,97,200,75,100,0,0,0,-1,-11,3
372.5,372.5,201,86,97,200,75,100,0,0,0,-1,-11,3
372.6,372.6,201,86,97,200,75,100,0,0,0,-1,-11,3
372.7,372.7,201,86,97,200,75,100,0,0,0,-1,-11,3
372.8,372.8,201,86,97,200,75,100,0,0,0,-1,-11,3
372.9,372.9,201,86,97,200,75,100,0,0,0,-1,-11,3
373,373,201,86,97,200,75,100,0,0,0,-1,-11,3
373.1,373.1,201,86,97,200,75,100,0,0,0,-1,-11,3
373.2,373.2,201,86,97,200,75,100,0,0,0,-1,-11,3
373.3,373.3,201,86,97,200,75,100,0,0,0,-1,-11,3
373.4,373.4,201,86,97,200,75,100,0,0,0,-1,-11,3
373.5,373.5,201,86,97,200,75,100,0,0,0,-1,-11,3
373.6,373.6,201,86,97,200,75,100,0,0,0,-1,-11,3
373.7,373.7,201,86,97,200,75,100,0,0,0,-1,-11,3
373.8,373.8,201,86,97,200,75,100,0,0,0,-1,-11,3
373.9,373.9,201,86,97,200,75,100,0,0,0,-1,-11,3
374,374,201,86,97,200,75,100,0,0,0,-1,-11,3
374.1,374.1,201,86,97,200,75,100,0,0,0,-1,-11,3
374.2,374.2,201,86,97,200,75,100,0,0,0,-1,-11,3
374.3,374.3,201,86,97,200,75,100,0,0,0,-1,-11,3
374.4,374.4,201,86,97,200,75,100,0,0,0,-1,-11,3
374.5,374.5,201,86,97,200,75,100,0,0,0,-1,-11,3
374.6,374.6,201,86,97,200,75,100,0,0,0,-1,-11,3
374.7,374.7,201,86,97,200,75,100,0,0,0,-1,-11,3
374.8,374.8,201,86,97,200,75,100,0,0,0,-1,-11,3
374.9,374.9,201,86,97,200,75,100,0,0,0,-1,-11,3
375,375,201,86,97,200,75,100,0,0,0,-1,-11,3
375.1,375.1,201,86,97,200,75,100,0,0,0,-1,-11,3
375.2,375.2,201,86,97,200,75,100,0,0,0,-1,-11,3
375.3,375.3,201,86,97,200,75,100,0,0,0,-1,-11,3
375.4,375.4,201,86,97,200,75,100,0,0,0,-1,-11,3
375.5,375.5,201,86,97,200,75,100,0,0,0,-1,-11,3
375.6,375.6,201,86,97,200,75,100,0,0,0,-1,-11,3
375.7,375.7,201,86,97,200,75,100,0,0,0,-1,-11,3
375.8,375.8,201,86,97,200,75,100,0,0,0,-1,-11,3
375.9,375.9,201,86,97,200,75,100,0,0,0,-1,-11,3
376,376,201,86,97,200,75,100,0,0,0,-1,-11,3
376.1,376.1,201,86,97,200,75,100,0,0,0,-1,-11,3
376.2,376.2,201,86,97,200,75,100,0,0,0,-1,-11,3
376.3,376.3,201,86,97,200,75,100,0,0,0,-1,-11,3
376.4,376.4,201,86,97,200,75,100,0,0,0,-1,-11,3
376.5,376.5,201,86,97,200,75,100,0,0,0,-1,-11,3
376.6,376.6,201,86,97,200,75,100,0,0,0,-1,-11,3
376.7,376.7,201,86,97,200,75,100,0,0,0,-1,-11,3
376.8,376.8,201,86,97,200,75,100,0,0,0,-1,-11,3
376.9,376.9,201,86,97,200,75,100,0,0,0,-1,-11,3
377,377,201,86,97,200,75,100,0,0,0,-1,-11,3
377.1,377.1,201,86,97,200,75,100,0,0,0,-1,-11,3
377.2,377.2,201,86,97,200,75,100,0,0,0,-1,-11,3
377.3,377.3,201,86,97,200,75,100,0,0,0,-1,-11,3
377.4,377.4,201,86,97,200,75,100,0,0,0,-1,-11,3
377.5,377.5,201,86,97,200,75,100,0,0,0,-1,-11,3
377.6,377.6,201,86,97,200,75,100,0,0,0,-1,-11,3
377.7,377.7,201,86,97,200,75,100,0,0,0,-1,-11,3
377.8,377.8,201,86,97,200,75,100,0,0,0,-1,-11,3
377.9,377.9,201,86,97,200,75,100,0,0,0,-1,-11,3
378,378,201,86,97,200,75,100,0,0,0,-1,-11,3
378.1,378.1,201,86,97,200,75,100,0,0,0,-1,-11,3
378.2,378.2,201,86,97,200,75,100,0,0,0,-1,-11,3
378.3,378.3,201,86,97,200,75,100,0,0,0,-1,-11,3
378.4,378.4,201,86,97,200,75,100,0,0,0,-1,-11,3
378.5,378.5,201,86,97,200,75,100,0,0,0,-1,-11,3
378.6,378.6,201,86,97,200,75,100,0,0,0,-1,-11,3
378.7,378.7,201,86,97,200,75,100,0,0,0,-1,-11,3
378.8,378.8,201,86,97,200,75,100,0,0,0,-1,-11,3
378.9,378.9,201,86,97,200,75,100,0,0,0,-1,-11,3
379,379,201,86,97,200,75,100,0,0,0,-1,-11,3
379.1,379.1,201,86,97,200,75,100,0,0,0,-1,-11,3
379.2,379.2,201,86,97,200,75,100,0,0,0,-1,-11,3
379.3,379.3,201,86,97,200,75,100,0,0,0,-1,-11,3
379.4,379.4,201,86,97,200,75,100,0,0,0,-1,-11,3
379.5,379.5,201,86,97,200,75,100,0,0,0,-1,-11,3
379.6,379.6,201,86,97,200,75,100,0,0,0,-1,-11,3
379.7,379.7,201,86,97,200,75,100,0,0,0,-1,-11,3
379.8,379.8,201,86,97,200,75,100,0,0,0,-1,-11,3
379.9,379.9,201,86,97,200,75,100,0,0,0,-1,-11,3
380,380,201,86,97,200,75,100,0,0,0,-1,-11,3
380.1,380.1,201,86,97,200,75,100,0,0,0,-1,-11,3
380.2,380.2,201,86,97,200,75,100,0,0,0,-1,-11,3
380.3,380.3,201,86,97,200,75,100,0,0,0,-1,-11,3
380.4,380.4,201,86,97,200,75,100,0,0,0,-1,-11,3
380.5,380.5,201,86,97,200,75,100,0,0,0,-1,-11,3
380.6,380.6,201,86,97,200,75,100,0,0,0,-1,-11,3
380.7,380.7,201,86,97,200,75,100,0,0,0,-1,-11,3
380.8,380.8,201,86,97,200,75,100,0,0,0,-1,-11,3
380.9,380.9,201,86,97,200,75,100,0,0,0,-1,-11,3
381,381,201,86,97,200,75,100,0,0,0,-1,-11,3
381.1,381.1,201,86,97,200,75,100,0,0,0,-1,-11,3
381.2,381.2,201,86,97,200,75,100,0,0,0,-1,-11,3
381.3,381.3,201,86,97,200,75,100,0,0,0,-1,-11,3
381.4,381.4,201,86,97,200,75,100,0,0,0,-1,-11,3
381.5,381.5,201,86,97,200,75,100,0,0,0,-1,-11,3
381.6,381.6,201,86,97,200,75,100,0,0,0,-1,-11,3
381.7,381.7,201,86,97,200,75,100,0,0,0,-1,-11,3
381.8,381.8,201,86,97,200,75,100,0,0,0,-1,-11,3
381.9,381.9,201,86,97,200,75,100,0,0,0,-1,-11,3
382,382,201,86,97,200,75,100,0,0,0,-1,-11,3
382.1,382.1,201,86,97,200,75,100,0,0,0,-1,-11,3
382.2,382.2,201,86,97,200,75,100,0,0,0,-1,-11,3
382.3,382.3,201,86,97,200,75,100,0,0,0,-1,-11,3
382.4,382.4,201,86,97,200,75,100,0,0,0,-1,-11,3
382.5,382.5,201,86,97,200,75,100,0,0,0,-1,-11,3
382.6,382.6,201,86,97,200,75,100,0,0,0,-1,-11,3
382.7,382.7,201,86,97,200,75,100,0,0,0,-1,-11,3
382.8,382.8,201,86,97,200,75,100,0,0,0,-1,-11,3
382.9,382.9,201,86,97,200,75,100,0,0,0,-1,-11,3
383,383,201,86,97,200,75,100,0,0,0,-1,-11,3
383.1,383.1,201,86,97,200,75,100,0,0,0,-1,-11,3
383.2,383.2,201,86,97,200,75,100,0,0,0,-1,-11,3
383.3,383.3,201,86,97,200,75,100,0,0,0,-1,-11,3
383.4,383.4,201,86,97,200,75,100,0,0,0,-1,-11,3
383.5,383.5,201,86,97,200,75,100,0,0,0,-1,-11,3
383.6,383.6,201,86,97,200,75,100,0,0,0,-1,-11,3
383.7,383.7,201,86,97,200,75,100,0,0,0,-1,-11,3
383.8,383.8,201,86,97,200,75,100,0,0,0,-1,-11,3
383.9,383.9,201,86,97,200,75,100,0,0,0,-1,-11,3
384,384,201,86,97,200,75,100,0,0,0,-1,-11,3
384.1,384.1,201,86,97,200,75,100,0,0,0,-1,-11,3
384.2,384.2,201,86,97,200,75,100,0,0,0,-1,-11,3
384.3,384.3,201,86,97,200,75,100,0,0,0,-1,-11,3
384.4,384.4,201,86,97,200,75,100,0,0,0,-1,-11,3
384.5,384.5,201,86,97,200,75,100,0,0,0,-1,-11,3
384.6,384.6,201,86,97,200,75,100,0,0,0,-1,-11,3
384.7,384.7,201,86,97,200,75,100,0,0,0,-1,-11,3
384.8,384.8,201,86,97,200,75,100,0,0,0,-1,-11,3
384.9,384.9,201,86,97,200,75,100,0,0,0,-1,-11,3
385,385,201,86,97,200,75,100,0,0,0,-1,-11,3
385.1,385.1,201,86,97,200,75,100,0,0,0,-1,-11,3
385.2,385.2,201,86,97,200,75,100,0,0,0,-1,-11,3
385.3,385.3,201,86,97,200,75,100,0,0,0,-1,-11,3
385.4,385.4,201,86,97,200,75,100,0,0,0,-1,-11,3
385.5,385.5,201,86,97,200,75,100,0,0,0,-1,-11,3
385.6,385.6,201,86,97,200,75,100,0,0,0,-1,-11,3
385.7,385.7,201,86,97,200,75,100,0,0,0,-1,-11,3
385.8,385.8,201,86,97,200,75,100,0,0,0,-1,-11,3
385.9,385.9,201,86,97,200,75,100,0,0,0,-1,-11,3
386,386,201,86,97,200,75,100,0,0,0,-1,-11,3
386.1,386.1,201,86,97,200,75,100,0,0,0,-1,-11,3
386.2,386.2,201,86,97,200,75,100,0,0,0,-1,-11,3
386.3,386.3,201,86,97,200,75,100,0,0,0,-1,-11,3
386.4,386.4,201,86,97,200,75,100,0,0,0,-1,-11,3
386.5,386.5,201,86,97,200,75,100,0,0,0,-1,-11,3
386.6,386.6,201,86,97,200,75,100,0,0,0,-1,-11,3
386.7,386.7,201,86,97,200,75,100,0,0,0,-1,-11,3
386.8,386.8,201,86,97,200,75,100,0,0,0,-1,-11,3
386.9,386.9,201,86,97,200,75,100,0,0,0,-1,-11,3
387,387,201,86,97,200,75,100,0,0,0,-1,-11,3
387.1,387.1,201,86,97,200,75,100,0,0,0,-1,-11,3
387.2,387.2,201,86,97,200,75,100,0,0,0,-1,-11,3
387.3,387.3,201,86,97,200,75,100,0,0,0,-1,-11,3
387.4,387.4,201,86,97,200,75,100,0,0,0,-1,-11,3
387.5,387.5,201,86,97,200,75,100,0,0,0,-1,-11,3
387.6,387.6,201,86,97,200,75,100,0,0,0,-1,-11,3
387.7,387.7,201,86,97,200,75,100,0,0,0,-1,-11,3
387.8,387.8,201,86,97,200,75,100,0,0,0,-1,-11,3
387.9,387.9,201,86,97,200,75,100,0,0,0,-1,-11,3
388,388,201,86,97,200,75,100,0,0,0,-1,-11,3
388.1,388.1,201,86,97,200,75,100,0,0,0,-1,-11,3
388.2,388.2,201,86,97,200,75,100,0,0,0,-1,-11,3
388.3,388.3,201,86,97,200,75,100,0,0,0,-1,-11,3
388.4,388.4,201,86,97,200,75,100,0,0,0,-1,-11,3
388.5,388.5,201,86,97,200,75,100,0,0,0,-1,-11,3
388.6,388.6,201,86,97,200,75,100,0,0,0,-1,-11,3
388.7,388.7,201,86,97,200,75,100,0,0,0,-1,-11,3
388.8,388.8,201,86,97,200,75,100,0,0,0,-1,-11,3
388.9,388.9,201,86,97,200,75,100,0,0,0,-1,-11,3
389,389,201,86,97,200,75,100,0,0,0,-1,-11,3
389.1,389.1,201,86,97,200,75,100,0,0,0,-1,-11,3
389.2,389.2,201,86,97,200,75,100,0,0,0,-1,-11,3
389.3,389.3,201,86,97,200,75,100,0,0,0,-1,-11,3
389.4,389.4,201,86,97,200,75,100,0,0,0,-1,-11,3
389.5,389.5,201,86,97,200,75,100,0,0,0,-1,-11,3
389.6,389.6,201,86,97,200,75,100,0,0,0,-1,-11,3
389.7,389.7,201,86,97,200,75,100,0,0,0,-1,-11,3
389.8,389.8,201,86,97,200,75,100,0,0,0,-1,-11,3
389.9,389.9,201,86,97,200,75,100,0,0,0,-1,-11,3
390,390,201,86,97,200,75,100,0,0,0,-1,-11,3
390.1,390.1,201,86,97,200,75,100,0,0,0,-1,-11,3
390.2,390.2,201,86,97,200,75,100,0,0,0,-1,-11,3
390.3,390.3,201,86,97,200,75,100,0,0,0,-1,-11,3
390.4,390.4,201,86,97,200,75,100,0,0,0,-1,-11,3
390.5,390.5,201,86,97,200,75,100,0,0,0,-1,-11,3
390.6,390.6,201,86,97,200,75,100,0,0,0,-1,-11,3
390.7,390.7,201,86,97,200,75,100,0,0,0,-1,-11,3
390.8,390.8,201,86,97,200,75,100,0,0,0,-1,-11,3
390.9,390.9,201,86,97,200,75,100,0,0,0,-1,-11,3
391,391,201,86,97,200,75,100,0,0,0,-1,-11,3
391.1,391.1,201,86,97,200,75,100,0,0,0,-1,-11,3
391.2,391.2,201,86,97,200,75,100,0,0,0,-1,-11,3
391.3,391.3,201,86,97,200,75,100,0,0,0,-1,-11,3
391.4,391.4,201,86,97,200,75,100,0,0,0,-1,-11,3
391.5,391.5,201,86,97,200,75,100,0,0,0,-1,-11,3
391.6,391.6,201,86,97,200,75,100,0,0,0,-1,-11,3
391.7,391.7,201,86,97,200,75,100,0,0,0,-1,-11,3
391.8,391.8,201,86,97,200,75,100,0,0,0,-1,-11,3
391.9,391.9,201,86,97,200,75,100,0,0,0,-1,-11,3
392,392,201,86,97,200,75,100,0,0,0,-1,-11,3
392.1,392.1,201,86,97,200,75,100,0,0,0,-1,-11,3
392.2,392.2,201,86,97,200,75,100,0,0,0,-1,-11,3
392.3,392.3,201,86,97,200,75,100,0,0,0,-1,-11,3
392.4,392.4,201,86,97,200,75,100,0,0,0,-1,-11,3
392.5,392.5,201,86,97,200,75,100,0,0,0,-1,-11,3
392.6,392.6,201,86,97,200,75,100,0,0,0,-1,-11,3
392.7,392.7,201,86,97,200,75,100,0,0,0,-1,-11,3
392.8,392.8,201,86,97,200,75,100,0,0,0,-1,-11,3
392.9,392.9,201,86,97,200,75,100,0,0,0,-1,-11,3
393,393,201,86,97,200,75,100,0,0,0,-1,-11,3
393.1,393.1,201,86,97,200,75,100,0,0,0,-1,-11,3
393.2,393.2,201,86,97,200,75,100,0,0,0,-1,-11,3
393.3,393.3,201,86,97,200,75,100,0,0,0,-1,-11,3
393.4,393.4,201,86,97,200,75,100,0,0,0,-1,-11,3
393.5,393.5,201,86,97,200,75,100,0,0,0,-1,-11,3
393.6,393.6,201,86,97,200,75,100,0,0,0,-1,-11,3
393.7,393.7,201,86,97,200,75,100,0,0,0,-1,-11,3
393.8,393.8,201,86,97,200,75,100,0,0,0,-1,-11,3
393.9,393.9,201,86,97,200,75,100,0,0,0,-1,-11,3
394,394,201,86,97,200,75,100,0,0,0,-1,-11,3
394.1,394.1,201,86,97,200,75,100,0,0,0,-1,-11,3
394.2,394.2,201,86,97,200,75,100,0,0,0,-1,-11,3
394.3,394.3,201,86,97,200,75,100,0,0,0,-1,-11,3
394.4,394.4,201,86,97,200,75,100,0,0,0,-1,-11,3
394.5,394.5,201,86,97,200,75,100,0,0,0,-1,-11,3
394.6,394.6,201,86,97,200,75,100,0,0,0,-1,-11,3
394.7,394.7,201,86,97,200,75,100,0,0,0,-1,-11,3
394.8,394.8,201,86,97,200,75,100,0,0,0,-1,-11,3
394.9,394.9,201,86,97,200,75,100,0,0,0,-1,-11,3
395,395,201,86,97,200,75,100,0,0,0,-1,-11,3
395.1,395.1,201,86,97,200,75,100,0,0,0,-1,-11,3
395.2,395.2,201,86,97,200,75,100,0,0,0,-1,-11,3
395.3,395.3,201,86,97,200,75,100,0,0,0,-1,-11,3
395.4,395.4,201,86,97,200,75,100,0,0,0,-1,-11,3
395.5,395.5,201,86,97,200,75,100,0,0,0,-1,-11,3
395.6,395.6,201,86,97,200,75,100,0,0,0,-1,-11,3
395.7,395.7,201,86,97,200,75,100,0,0,0,-1,-11,3
395.8,395.8,201,86,97,200,75,100,0,0,0,-1,-11,3
395.9,395.9,201,86,97,200,75,100,0,0,0,-1,-11,3
396,396,201,86,97,200,75,100,0,0,0,-1,-11,3
396.1,396.1,201,86,97,200,75,100,0,0,0,-1,-11,3
396.2,396.2,201,86,97,200,75,100,0,0,0,-1,-11,3
396.3,396.3,201,86,97,200,75,100,0,0,0,-1,-11,3
396.4,396.4,201,86,97,200,75,100,0,0,0,-1,-11,3
396.5,396.5,201,86,97,200,75,100,0,0,0,-1,-11,3
396.6,396.6,201,86,97,200,75,100,0,0,0,-1,-11,3
396.7,396.7,201,86,97,200,75,100,0,0,0,-1,-11,3
396.8,396.8,201,86,97,200,75,100,0,0,0,-1,-11,3
396.9,396.9,201,86,97,200,75,100,0,0,0,-1,-11,3
397,397,201,86,97,200,75,100,0,0,0,-1,-11,3
397.1,397.1,201,86,97,200,75,100,0,0,0,-1,-11,3
397.2,397.2,201,86,97,200,75,100,0,0,0,-1,-11,3
397.3,397.3,201,86,97,200,75,100,0,0,0,-1,-11,3
397.4,397.4,201,86,97,200,75,100,0,0,0,-1,-11,3
397.5,397.5,201,86,97,200,75,100,0,0,0,-1,-11,3
397.6,397.6,201,86,97,200,75,100,0,0,0,-1,-11,3
397.7,397.7,201,86,97,200,75,100,0,0,0,-1,-11,3
397.8,397.8,201,86,97,200,75,100,0,0,0,-1,-11,3
397.9,397.9,201,86,97,200,75,100,0,0,0,-1,-11,3
398,398,201,86,97,200,75,100,0,0,0,-1,-11,3
398.1,398.1,201,86,97,200,75,100,0,0,0,-1,-11,3
398.2,398.2,201,86,97,200,75,100,0,0,0,-1,-11,3
398.3,398.3,201,86,97,200,75,100,0,0,0,-1,-11,3
398.4,398.4,201,86,97,200,75,100,0,0,0,-1,-11,3
398.5,398.5,201,86,97,200,75,100,0,0,0,-1,-11,3
398.6,398.6,201,86,97,200,75,100,0,0,0,-1,-11,3
398.7,398.7,201,86,97,200,75,100,0,0,0,-1,-11,3
398.8,398.8,201,86,97,200,75,100,0,0,0,-1,-11,3
398.9,398.9,201,86,97,200,75,100,0,0,0,-1,-11,3
399,399,201,86,97,200,75,100,0,0,0,-1,-11,3
399.1,399.1,201,86,97,200,75,100,0,0,0,-1,-11,3
399.2,399.2,201,86,97,200,75,100,0,0,0,-1,-11,3
399.3,399.3,201,86,97,200,75,100,0,0,0,-1,-11,3
399.4,399.4,201,86,97,200,75,100,0,0,0,-1,-11,3
399.5,399.5,201,86,97,200,75,100,0,0,0,-1,-11,3
399.6,399.6,201,86,97,200,75,100,0,0,0,-1,-11,3
399.7,399.7,201,86,97,200,75,100,0,0,0,-1,-11,3
399.8,399.8,201,86,97,200,75,100,0,0,0,-1,-11,3
399.9,399.9,201,86,97,200,75,100,0,0,0,-1,-11,3
400,400,201,86,97,200,75,100,0,0,0,-1,-11,3
400.1,400.1,201,86,97,200,75,100,0,0,0,-1,-11,3
400.2,400.2,201,86,97,200,75,100,0,0,0,-1,-11,3
400.3,400.3,201,86,97,200,75,100,0,0,0,-1,-11,3
400.4,400.4,201,86,97,200,75,100,0,0,0,-1,-11,3
400.5,400.5,201,86,97,200,75,100,0,0,0,-1,-11,3
400.6,400.6,201,86,97,200,75,100,0,0,0,-1,-11,3
400.7,400.7,201,86,97,200,75,100,0,0,0,-1,-11,3
400.8,400.8,201,86,97,200,75,100,0,0,0,-1,-11,3
400.9,400.9,201,86,97,200,75,100,0,0,0,-1,-11,3
401,401,201,86,97,200,75,100,0,0,0,-1,-11,3
401.1,401.1,201,86,97,200,75,100,0,0,0,-1,-11,3
401.2,401.2,201,86,97,200,75,100,0,0,0,-1,-11,3
401.3,401.3,201,86,97,200,75,100,0,0,0,-1,-11,3
401.4,401.4,201,86,97,200,75,100,0,0,0,-1,-11,3
401.5,401.5,201,86,97,200,75,100,0,0,0,-1,-11,3
401.6,401.6,201,86,97,200,75,100,0,0,0,-1,-11,3
401.7,401.7,201,86,97,200,75,100,0,0,0,-1,-11,3
401.8,401.8,201,86,97,200,75,100,0,0,0,-1,-11,3
401.9,401.9,201,86,97,200,75,100,0,0,0,-1,-11,3
402,402,201,86,97,200,75,100,0,0,0,-1,-11,3
402.1,402.1,201,86,97,200,75,100,0,0,0,-1,-11,3
402.2,402.2,201,86,97,200,75,100,0,0,0,-1,-11,3
402.3,402.3,201,86,97,200,75,100,0,0,0,-1,-11,3
402.4,402.4,201,86,97,200,75,100,0,0,0,-1,-11,3
402.5,402.5,201,86,97,200,75,100,0,0,0,-1,-11,3
402.6,402.6,201,86,97,200,75,100,0,0,0,-1,-11,3
402.7,402.7,201,86,97,200,75,100,0,0,0,-1,-11,3
402.8,402.8,201,86,97,200,75,100,0,0,0,-1,-11,3
402.9,402.9,201,86,97,200,75,100,0,0,0,-1,-11,3
403,403,201,86,97,200,75,100,0,0,0,-1,-11,3
403.1,403.1,201,86,97,200,75,100,0,0,0,-1,-11,3
403.2,403.2,201,86,97,200,75,100,0,0,0,-1,-11,3
403.3,403.3,201,86,97,200,75,100,0,0,0,-1,-11,3
403.4,403.4,201,86,97,200,75,100,0,0,0,-1,-11,3
403.5,403.5,201,86,97,200,75,100,0,0,0,-1,-11,3
403.6,403.6,201,86,97,200,75,100,0,0,0,-1,-11,3
403.7,403.7,201,86,97,200,75,100,0,0,0,-1,-11,3
403.8,403.8,201,86,97,200,75,100,0,0,0,-1,-11,3
403.9,403.9,201,86,97,200,75,100,0,0,0,-1,-11,3
404,404,201,86,97,200,75,100,0,0,0,-1,-11,3
404.1,404.1,201,86,97,200,75,100,0,0,0,-1,-11,3
404.2,404.2,201,86,97,200,75,100,0,0,0,-1,-11,3
404.3,404.3,201,86,97,200,75,100,0,0,0,-1,-11,3
404.4,404.4,201,86,97,200,75,100,0,0,0,-1,-11,3
404.5,404.5,201,86,97,200,75,100,0,0,0,-1,-11,3
404.6,404.6,201,86,97,200,75,100,0,0,0,-1,-11,3
404.7,404.7,201,86,97,200,75,100,0,0,0,-1,-11,3
404.8,404.8,201,86,97,200,75,100,0,0,0,-1,-11,3
404.9,404.9,201,86,97,200,75,100,0,0,0,-1,-11,3
405,405,201,86,97,200,75,100,0,0,0,-1,-11,3
405.1,405.1,201,86,97,200,75,100,0,0,0,-1,-11,3
405.2,405.2,201,86,97,200,75,100,0,0,0,-1,-11,3
405.3,405.3,201,86,97,200,75,100,0,0,0,-1,-11,3
405.4,405.4,201,86,97,200,75,100,0,0,0,-1,-11,3
405.5,405.5,201,86,97,200,75,100,0,0,0,-1,-11,3
405.6,405.6,201,86,97,200,75,100,0,0,0,-1,-11,3
405.7,405.7,201,86,97,200,75,100,0,0,0,-1,-11,3
405.8,405.8,201,86,97,200,75,100,0,0,0,-1,-11,3
405.9,405.9,201,86,97,200,75,100,0,0,0,-1,-11,3
406,406,201,86,97,200,75,100,0,0,0,-1,-11,3
406.1,406.1,201,86,97,200,75,100,0,0,0,-1,-11,3
406.2,406.2,201,86,97,200,75,100,0,0,0,-1,-11,3
406.3,406.3,201,86,97,200,75,100,0,0,0,-1,-11,3
406.4,406.4,201,86,97,200,75,100,0,0,0,-1,-11,3
406.5,406.5,201,86,97,200,75,100,0,0,0,-1,-11,3
406.6,406.6,201,86,97,200,75,100,0,0,0,-1,-11,3
406.7,406.7,201,86,97,200,75,100,0,0,0,-1,-11,3
